Entity,Code,Year,Life satisfaction in Cantril Ladder (World Happiness Report 2021)
Afghanistan,AFG,2008,3.724
Afghanistan,AFG,2009,4.402
Afghanistan,AFG,2010,4.758
Afghanistan,AFG,2011,3.832
Afghanistan,AFG,2012,3.783
Afghanistan,AFG,2013,3.572
Afghanistan,AFG,2014,3.131
Afghanistan,AFG,2015,3.983
Afghanistan,AFG,2016,4.22
Afghanistan,AFG,2017,2.662
Afghanistan,AFG,2018,2.694
Afghanistan,AFG,2019,2.375
Albania,ALB,2007,4.634
Albania,ALB,2009,5.485
Albania,ALB,2010,5.269
Albania,ALB,2011,5.867
Albania,ALB,2012,5.51
Albania,ALB,2013,4.551
Albania,ALB,2014,4.814
Albania,ALB,2015,4.607
Albania,ALB,2016,4.511
Albania,ALB,2017,4.64
Albania,ALB,2018,5.004
Albania,ALB,2019,4.995
Albania,ALB,2020,5.365
Algeria,DZA,2010,5.464
Algeria,DZA,2011,5.317
Algeria,DZA,2012,5.605
Algeria,DZA,2014,6.355
Algeria,DZA,2016,5.341
Algeria,DZA,2017,5.249
Algeria,DZA,2018,5.043
Algeria,DZA,2019,4.745
Angola,AGO,2011,5.589
Angola,AGO,2012,4.36
Angola,AGO,2013,3.937
Angola,AGO,2014,3.795
Argentina,ARG,2006,6.313
Argentina,ARG,2007,6.073
Argentina,ARG,2008,5.961
Argentina,ARG,2009,6.424
Argentina,ARG,2010,6.441
Argentina,ARG,2011,6.776
Argentina,ARG,2012,6.468
Argentina,ARG,2013,6.582
Argentina,ARG,2014,6.671
Argentina,ARG,2015,6.697
Argentina,ARG,2016,6.427
Argentina,ARG,2017,6.039
Argentina,ARG,2018,5.793
Argentina,ARG,2019,6.086
Argentina,ARG,2020,5.901
Armenia,ARM,2006,4.289
Armenia,ARM,2007,4.882
Armenia,ARM,2008,4.652
Armenia,ARM,2009,4.178
Armenia,ARM,2010,4.368
Armenia,ARM,2011,4.26
Armenia,ARM,2012,4.32
Armenia,ARM,2013,4.277
Armenia,ARM,2014,4.453
Armenia,ARM,2015,4.348
Armenia,ARM,2016,4.325
Armenia,ARM,2017,4.288
Armenia,ARM,2018,5.062
Armenia,ARM,2019,5.488
Australia,AUS,2005,7.341
Australia,AUS,2007,7.285
Australia,AUS,2008,7.254
Australia,AUS,2010,7.45
Australia,AUS,2011,7.406
Australia,AUS,2012,7.196
Australia,AUS,2013,7.364
Australia,AUS,2014,7.289
Australia,AUS,2015,7.309
Australia,AUS,2016,7.25
Australia,AUS,2017,7.257
Australia,AUS,2018,7.177
Australia,AUS,2019,7.234
Australia,AUS,2020,7.137
Austria,AUT,2006,7.122
Austria,AUT,2008,7.181
Austria,AUT,2010,7.303
Austria,AUT,2011,7.471
Austria,AUT,2012,7.401
Austria,AUT,2013,7.499
Austria,AUT,2014,6.95
Austria,AUT,2015,7.076
Austria,AUT,2016,7.048
Austria,AUT,2017,7.294
Austria,AUT,2018,7.396
Austria,AUT,2019,7.195
Austria,AUT,2020,7.213
Azerbaijan,AZE,2006,4.728
Azerbaijan,AZE,2007,4.568
Azerbaijan,AZE,2008,4.817
Azerbaijan,AZE,2009,4.574
Azerbaijan,AZE,2010,4.219
Azerbaijan,AZE,2011,4.68
Azerbaijan,AZE,2012,4.911
Azerbaijan,AZE,2013,5.481
Azerbaijan,AZE,2014,5.252
Azerbaijan,AZE,2015,5.147
Azerbaijan,AZE,2016,5.304
Azerbaijan,AZE,2017,5.152
Azerbaijan,AZE,2018,5.168
Azerbaijan,AZE,2019,5.173
Bahrain,BHR,2009,5.701
Bahrain,BHR,2010,5.937
Bahrain,BHR,2011,4.824
Bahrain,BHR,2012,5.027
Bahrain,BHR,2013,6.69
Bahrain,BHR,2014,6.165
Bahrain,BHR,2015,6.007
Bahrain,BHR,2016,6.17
Bahrain,BHR,2017,6.227
Bahrain,BHR,2019,7.098
Bahrain,BHR,2020,6.173
Bangladesh,BGD,2006,4.319
Bangladesh,BGD,2007,4.607
Bangladesh,BGD,2008,5.052
Bangladesh,BGD,2009,5.083
Bangladesh,BGD,2010,4.858
Bangladesh,BGD,2011,4.986
Bangladesh,BGD,2012,4.724
Bangladesh,BGD,2013,4.66
Bangladesh,BGD,2014,4.636
Bangladesh,BGD,2015,4.633
Bangladesh,BGD,2016,4.556
Bangladesh,BGD,2017,4.31
Bangladesh,BGD,2018,4.499
Bangladesh,BGD,2019,5.114
Bangladesh,BGD,2020,5.28
Belarus,BLR,2006,5.658
Belarus,BLR,2007,5.617
Belarus,BLR,2008,5.463
Belarus,BLR,2009,5.564
Belarus,BLR,2010,5.526
Belarus,BLR,2011,5.225
Belarus,BLR,2012,5.749
Belarus,BLR,2013,5.876
Belarus,BLR,2014,5.812
Belarus,BLR,2015,5.719
Belarus,BLR,2016,5.178
Belarus,BLR,2017,5.553
Belarus,BLR,2018,5.234
Belarus,BLR,2019,5.821
Belgium,BEL,2005,7.262
Belgium,BEL,2007,7.219
Belgium,BEL,2008,7.117
Belgium,BEL,2010,6.854
Belgium,BEL,2011,7.111
Belgium,BEL,2012,6.935
Belgium,BEL,2013,7.104
Belgium,BEL,2014,6.855
Belgium,BEL,2015,6.904
Belgium,BEL,2016,6.949
Belgium,BEL,2017,6.928
Belgium,BEL,2018,6.892
Belgium,BEL,2019,6.772
Belgium,BEL,2020,6.839
Belize,BLZ,2007,6.451
Belize,BLZ,2014,5.956
Benin,BEN,2006,3.33
Benin,BEN,2008,3.667
Benin,BEN,2011,3.87
Benin,BEN,2012,3.193
Benin,BEN,2013,3.479
Benin,BEN,2014,3.347
Benin,BEN,2015,3.625
Benin,BEN,2016,4.007
Benin,BEN,2017,4.853
Benin,BEN,2018,5.82
Benin,BEN,2019,4.976
Benin,BEN,2020,4.408
Bhutan,BTN,2013,5.569
Bhutan,BTN,2014,4.939
Bhutan,BTN,2015,5.082
Bolivia,BOL,2006,5.374
Bolivia,BOL,2007,5.628
Bolivia,BOL,2008,5.298
Bolivia,BOL,2009,6.086
Bolivia,BOL,2010,5.781
Bolivia,BOL,2011,5.779
Bolivia,BOL,2012,6.019
Bolivia,BOL,2013,5.767
Bolivia,BOL,2014,5.865
Bolivia,BOL,2015,5.834
Bolivia,BOL,2016,5.77
Bolivia,BOL,2017,5.651
Bolivia,BOL,2018,5.916
Bolivia,BOL,2019,5.674
Bolivia,BOL,2020,5.559
Bosnia and Herzegovina,BIH,2007,4.9
Bosnia and Herzegovina,BIH,2009,4.963
Bosnia and Herzegovina,BIH,2010,4.669
Bosnia and Herzegovina,BIH,2011,4.995
Bosnia and Herzegovina,BIH,2012,4.773
Bosnia and Herzegovina,BIH,2013,5.124
Bosnia and Herzegovina,BIH,2014,5.249
Bosnia and Herzegovina,BIH,2015,5.117
Bosnia and Herzegovina,BIH,2016,5.181
Bosnia and Herzegovina,BIH,2017,5.09
Bosnia and Herzegovina,BIH,2018,5.887
Bosnia and Herzegovina,BIH,2019,6.016
Bosnia and Herzegovina,BIH,2020,5.516
Botswana,BWA,2006,4.739
Botswana,BWA,2008,5.451
Botswana,BWA,2010,3.553
Botswana,BWA,2011,3.52
Botswana,BWA,2012,4.836
Botswana,BWA,2013,4.128
Botswana,BWA,2014,4.031
Botswana,BWA,2015,3.762
Botswana,BWA,2016,3.499
Botswana,BWA,2017,3.505
Botswana,BWA,2018,3.461
Botswana,BWA,2019,3.471
Brazil,BRA,2005,6.637
Brazil,BRA,2007,6.321
Brazil,BRA,2008,6.691
Brazil,BRA,2009,7.001
Brazil,BRA,2010,6.837
Brazil,BRA,2011,7.038
Brazil,BRA,2012,6.66
Brazil,BRA,2013,7.14
Brazil,BRA,2014,6.981
Brazil,BRA,2015,6.547
Brazil,BRA,2016,6.375
Brazil,BRA,2017,6.333
Brazil,BRA,2018,6.191
Brazil,BRA,2019,6.451
Brazil,BRA,2020,6.11
Bulgaria,BGR,2007,3.844
Bulgaria,BGR,2010,3.912
Bulgaria,BGR,2011,3.875
Bulgaria,BGR,2012,4.222
Bulgaria,BGR,2013,3.993
Bulgaria,BGR,2014,4.438
Bulgaria,BGR,2015,4.865
Bulgaria,BGR,2016,4.838
Bulgaria,BGR,2017,5.097
Bulgaria,BGR,2018,5.099
Bulgaria,BGR,2019,5.108
Bulgaria,BGR,2020,5.598
Burkina Faso,BFA,2006,3.801
Burkina Faso,BFA,2007,4.017
Burkina Faso,BFA,2008,3.846
Burkina Faso,BFA,2010,4.036
Burkina Faso,BFA,2011,4.785
Burkina Faso,BFA,2012,3.955
Burkina Faso,BFA,2013,3.326
Burkina Faso,BFA,2014,3.481
Burkina Faso,BFA,2015,4.419
Burkina Faso,BFA,2016,4.206
Burkina Faso,BFA,2017,4.647
Burkina Faso,BFA,2018,4.927
Burkina Faso,BFA,2019,4.741
Burundi,BDI,2008,3.563
Burundi,BDI,2009,3.792
Burundi,BDI,2011,3.706
Burundi,BDI,2014,2.905
Burundi,BDI,2018,3.775
Cambodia,KHM,2006,3.569
Cambodia,KHM,2007,4.156
Cambodia,KHM,2008,4.462
Cambodia,KHM,2009,4.111
Cambodia,KHM,2010,4.141
Cambodia,KHM,2011,4.161
Cambodia,KHM,2012,3.899
Cambodia,KHM,2013,3.674
Cambodia,KHM,2014,3.883
Cambodia,KHM,2015,4.162
Cambodia,KHM,2016,4.461
Cambodia,KHM,2017,4.586
Cambodia,KHM,2018,5.122
Cambodia,KHM,2019,4.998
Cambodia,KHM,2020,4.377
Cameroon,CMR,2006,3.851
Cameroon,CMR,2007,4.35
Cameroon,CMR,2008,4.292
Cameroon,CMR,2009,4.741
Cameroon,CMR,2010,4.554
Cameroon,CMR,2011,4.434
Cameroon,CMR,2012,4.245
Cameroon,CMR,2013,4.271
Cameroon,CMR,2014,4.24
Cameroon,CMR,2015,5.038
Cameroon,CMR,2016,4.816
Cameroon,CMR,2017,5.074
Cameroon,CMR,2018,5.251
Cameroon,CMR,2019,4.937
Cameroon,CMR,2020,5.241
Canada,CAN,2005,7.418
Canada,CAN,2007,7.482
Canada,CAN,2008,7.486
Canada,CAN,2009,7.488
Canada,CAN,2010,7.65
Canada,CAN,2011,7.426
Canada,CAN,2012,7.415
Canada,CAN,2013,7.594
Canada,CAN,2014,7.304
Canada,CAN,2015,7.413
Canada,CAN,2016,7.245
Canada,CAN,2017,7.415
Canada,CAN,2018,7.175
Canada,CAN,2019,7.109
Canada,CAN,2020,7.025
Central African Republic,CAF,2007,4.16
Central African Republic,CAF,2010,3.568
Central African Republic,CAF,2011,3.678
Central African Republic,CAF,2016,2.693
Central African Republic,CAF,2017,3.476
Chad,TCD,2006,3.435
Chad,TCD,2007,4.141
Chad,TCD,2008,4.632
Chad,TCD,2009,3.639
Chad,TCD,2010,3.743
Chad,TCD,2011,4.393
Chad,TCD,2012,4.033
Chad,TCD,2013,3.508
Chad,TCD,2014,3.46
Chad,TCD,2015,4.323
Chad,TCD,2016,4.029
Chad,TCD,2017,4.559
Chad,TCD,2018,4.486
Chad,TCD,2019,4.251
Chile,CHL,2006,6.063
Chile,CHL,2007,5.698
Chile,CHL,2008,5.789
Chile,CHL,2009,6.494
Chile,CHL,2010,6.636
Chile,CHL,2011,6.526
Chile,CHL,2012,6.599
Chile,CHL,2013,6.74
Chile,CHL,2014,6.844
Chile,CHL,2015,6.533
Chile,CHL,2016,6.579
Chile,CHL,2017,6.32
Chile,CHL,2018,6.436
Chile,CHL,2019,5.942
Chile,CHL,2020,6.151
China,CHN,2006,4.56
China,CHN,2007,4.863
China,CHN,2008,4.846
China,CHN,2009,4.454
China,CHN,2010,4.653
China,CHN,2011,5.037
China,CHN,2012,5.095
China,CHN,2013,5.241
China,CHN,2014,5.196
China,CHN,2015,5.304
China,CHN,2016,5.325
China,CHN,2017,5.099
China,CHN,2018,5.131
China,CHN,2019,5.144
China,CHN,2020,5.771
Colombia,COL,2006,6.025
Colombia,COL,2007,6.138
Colombia,COL,2008,6.168
Colombia,COL,2009,6.272
Colombia,COL,2010,6.408
Colombia,COL,2011,6.464
Colombia,COL,2012,6.375
Colombia,COL,2013,6.607
Colombia,COL,2014,6.449
Colombia,COL,2015,6.388
Colombia,COL,2016,6.234
Colombia,COL,2017,6.157
Colombia,COL,2018,5.984
Colombia,COL,2019,6.35
Colombia,COL,2020,5.709
Comoros,COM,2009,3.476
Comoros,COM,2010,3.812
Comoros,COM,2011,3.838
Comoros,COM,2012,3.956
Comoros,COM,2018,3.973
Comoros,COM,2019,4.609
Congo,COG,2008,3.82
Congo,COG,2011,4.51
Congo,COG,2012,3.919
Congo,COG,2013,3.955
Congo,COG,2014,4.056
Congo,COG,2015,4.691
Congo,COG,2016,4.119
Congo,COG,2017,4.884
Congo,COG,2018,5.49
Congo,COG,2019,5.213
Costa Rica,CRI,2006,7.082
Costa Rica,CRI,2007,7.432
Costa Rica,CRI,2008,6.851
Costa Rica,CRI,2009,7.615
Costa Rica,CRI,2010,7.271
Costa Rica,CRI,2011,7.229
Costa Rica,CRI,2012,7.272
Costa Rica,CRI,2013,7.158
Costa Rica,CRI,2014,7.247
Costa Rica,CRI,2015,6.854
Costa Rica,CRI,2016,7.136
Costa Rica,CRI,2017,7.225
Costa Rica,CRI,2018,7.141
Costa Rica,CRI,2019,6.998
Cote d'Ivoire,CIV,2009,4.197
Cote d'Ivoire,CIV,2013,3.739
Cote d'Ivoire,CIV,2014,3.57
Cote d'Ivoire,CIV,2015,4.445
Cote d'Ivoire,CIV,2016,4.543
Cote d'Ivoire,CIV,2017,5.038
Cote d'Ivoire,CIV,2018,5.268
Cote d'Ivoire,CIV,2019,5.392
Cote d'Ivoire,CIV,2020,5.257
Croatia,HRV,2007,5.821
Croatia,HRV,2009,5.433
Croatia,HRV,2010,5.596
Croatia,HRV,2011,5.385
Croatia,HRV,2012,6.028
Croatia,HRV,2013,5.885
Croatia,HRV,2014,5.381
Croatia,HRV,2015,5.205
Croatia,HRV,2016,5.417
Croatia,HRV,2017,5.343
Croatia,HRV,2018,5.536
Croatia,HRV,2019,5.626
Croatia,HRV,2020,6.508
Cuba,CUB,2006,5.418
Cyprus,CYP,2006,6.238
Cyprus,CYP,2009,6.833
Cyprus,CYP,2010,6.387
Cyprus,CYP,2011,6.69
Cyprus,CYP,2012,6.181
Cyprus,CYP,2013,5.439
Cyprus,CYP,2014,5.627
Cyprus,CYP,2015,5.439
Cyprus,CYP,2016,5.795
Cyprus,CYP,2017,6.062
Cyprus,CYP,2018,6.276
Cyprus,CYP,2019,6.137
Cyprus,CYP,2020,6.26
Czechia,CZE,2005,6.439
Czechia,CZE,2007,6.5
Czechia,CZE,2010,6.25
Czechia,CZE,2011,6.331
Czechia,CZE,2012,6.334
Czechia,CZE,2013,6.698
Czechia,CZE,2014,6.484
Czechia,CZE,2015,6.608
Czechia,CZE,2016,6.736
Czechia,CZE,2017,6.79
Czechia,CZE,2018,7.034
Czechia,CZE,2020,6.897
Democratic Republic of Congo,COD,2009,3.984
Democratic Republic of Congo,COD,2011,4.517
Democratic Republic of Congo,COD,2012,4.639
Democratic Republic of Congo,COD,2013,4.497
Democratic Republic of Congo,COD,2014,4.414
Democratic Republic of Congo,COD,2015,3.903
Democratic Republic of Congo,COD,2016,4.522
Democratic Republic of Congo,COD,2017,4.311
Denmark,DNK,2005,8.019
Denmark,DNK,2007,7.834
Denmark,DNK,2008,7.971
Denmark,DNK,2009,7.683
Denmark,DNK,2010,7.771
Denmark,DNK,2011,7.788
Denmark,DNK,2012,7.52
Denmark,DNK,2013,7.589
Denmark,DNK,2014,7.508
Denmark,DNK,2015,7.514
Denmark,DNK,2016,7.558
Denmark,DNK,2017,7.594
Denmark,DNK,2018,7.649
Denmark,DNK,2019,7.693
Denmark,DNK,2020,7.515
Djibouti,DJI,2008,5.009
Djibouti,DJI,2009,4.906
Djibouti,DJI,2010,5.006
Djibouti,DJI,2011,4.369
Dominican Republic,DOM,2006,5.088
Dominican Republic,DOM,2007,5.081
Dominican Republic,DOM,2008,4.842
Dominican Republic,DOM,2009,5.432
Dominican Republic,DOM,2010,4.735
Dominican Republic,DOM,2011,5.397
Dominican Republic,DOM,2012,4.753
Dominican Republic,DOM,2013,5.016
Dominican Republic,DOM,2014,5.387
Dominican Republic,DOM,2015,5.062
Dominican Republic,DOM,2016,5.239
Dominican Republic,DOM,2017,5.605
Dominican Republic,DOM,2018,5.433
Dominican Republic,DOM,2019,6.004
Dominican Republic,DOM,2020,5.168
Ecuador,ECU,2006,5.024
Ecuador,ECU,2007,4.996
Ecuador,ECU,2008,5.297
Ecuador,ECU,2009,6.022
Ecuador,ECU,2010,5.838
Ecuador,ECU,2011,5.795
Ecuador,ECU,2012,5.961
Ecuador,ECU,2013,6.019
Ecuador,ECU,2014,5.946
Ecuador,ECU,2015,5.964
Ecuador,ECU,2016,6.115
Ecuador,ECU,2017,5.84
Ecuador,ECU,2018,6.128
Ecuador,ECU,2019,5.809
Ecuador,ECU,2020,5.354
Egypt,EGY,2005,5.168
Egypt,EGY,2007,5.541
Egypt,EGY,2008,4.632
Egypt,EGY,2009,5.066
Egypt,EGY,2010,4.669
Egypt,EGY,2011,4.174
Egypt,EGY,2012,4.204
Egypt,EGY,2013,3.559
Egypt,EGY,2014,4.885
Egypt,EGY,2015,4.763
Egypt,EGY,2016,4.557
Egypt,EGY,2017,3.929
Egypt,EGY,2018,4.005
Egypt,EGY,2019,4.328
Egypt,EGY,2020,4.472
El Salvador,SLV,2006,5.701
El Salvador,SLV,2007,5.296
El Salvador,SLV,2008,5.191
El Salvador,SLV,2009,6.839
El Salvador,SLV,2010,6.74
El Salvador,SLV,2011,4.741
El Salvador,SLV,2012,5.934
El Salvador,SLV,2013,6.325
El Salvador,SLV,2014,5.857
El Salvador,SLV,2015,6.018
El Salvador,SLV,2016,6.14
El Salvador,SLV,2017,6.339
El Salvador,SLV,2018,6.241
El Salvador,SLV,2019,6.455
El Salvador,SLV,2020,5.462
Estonia,EST,2006,5.371
Estonia,EST,2007,5.332
Estonia,EST,2008,5.452
Estonia,EST,2009,5.138
Estonia,EST,2011,5.487
Estonia,EST,2012,5.364
Estonia,EST,2013,5.367
Estonia,EST,2014,5.556
Estonia,EST,2015,5.629
Estonia,EST,2016,5.65
Estonia,EST,2017,5.938
Estonia,EST,2018,6.091
Estonia,EST,2019,6.035
Estonia,EST,2020,6.453
Eswatini,SWZ,2011,4.867
Eswatini,SWZ,2018,4.212
Eswatini,SWZ,2019,4.396
Ethiopia,ETH,2012,4.561
Ethiopia,ETH,2013,4.445
Ethiopia,ETH,2014,4.507
Ethiopia,ETH,2015,4.573
Ethiopia,ETH,2016,4.298
Ethiopia,ETH,2017,4.18
Ethiopia,ETH,2018,4.379
Ethiopia,ETH,2019,4.1
Ethiopia,ETH,2020,4.549
Finland,FIN,2006,7.672
Finland,FIN,2008,7.671
Finland,FIN,2010,7.393
Finland,FIN,2011,7.354
Finland,FIN,2012,7.42
Finland,FIN,2013,7.445
Finland,FIN,2014,7.385
Finland,FIN,2015,7.448
Finland,FIN,2016,7.66
Finland,FIN,2017,7.788
Finland,FIN,2018,7.858
Finland,FIN,2019,7.78
Finland,FIN,2020,7.889
France,FRA,2005,7.093
France,FRA,2006,6.583
France,FRA,2008,7.008
France,FRA,2009,6.283
France,FRA,2010,6.798
France,FRA,2011,6.959
France,FRA,2012,6.649
France,FRA,2013,6.667
France,FRA,2014,6.467
France,FRA,2015,6.358
France,FRA,2016,6.475
France,FRA,2017,6.635
France,FRA,2018,6.666
France,FRA,2019,6.69
France,FRA,2020,6.714
Gabon,GAB,2011,4.255
Gabon,GAB,2012,3.972
Gabon,GAB,2013,3.8
Gabon,GAB,2014,3.918
Gabon,GAB,2015,4.661
Gabon,GAB,2016,4.832
Gabon,GAB,2017,4.782
Gabon,GAB,2018,4.783
Gabon,GAB,2019,4.914
Gambia,GMB,2017,4.118
Gambia,GMB,2018,4.922
Gambia,GMB,2019,5.164
Georgia,GEO,2006,3.675
Georgia,GEO,2007,3.707
Georgia,GEO,2008,4.156
Georgia,GEO,2009,3.801
Georgia,GEO,2010,4.102
Georgia,GEO,2011,4.203
Georgia,GEO,2012,4.254
Georgia,GEO,2013,4.349
Georgia,GEO,2014,4.288
Georgia,GEO,2015,4.122
Georgia,GEO,2016,4.448
Georgia,GEO,2017,4.451
Georgia,GEO,2018,4.659
Georgia,GEO,2019,4.892
Georgia,GEO,2020,5.123
Germany,DEU,2005,6.62
Germany,DEU,2007,6.417
Germany,DEU,2008,6.522
Germany,DEU,2009,6.641
Germany,DEU,2010,6.725
Germany,DEU,2011,6.621
Germany,DEU,2012,6.702
Germany,DEU,2013,6.965
Germany,DEU,2014,6.984
Germany,DEU,2015,7.037
Germany,DEU,2016,6.874
Germany,DEU,2017,7.074
Germany,DEU,2018,7.118
Germany,DEU,2019,7.035
Germany,DEU,2020,7.312
Ghana,GHA,2006,4.535
Ghana,GHA,2007,5.22
Ghana,GHA,2008,4.965
Ghana,GHA,2009,4.198
Ghana,GHA,2010,4.606
Ghana,GHA,2011,5.608
Ghana,GHA,2012,5.057
Ghana,GHA,2013,4.965
Ghana,GHA,2014,3.86
Ghana,GHA,2015,3.986
Ghana,GHA,2016,4.514
Ghana,GHA,2017,5.481
Ghana,GHA,2018,5.004
Ghana,GHA,2019,4.967
Ghana,GHA,2020,5.319
Greece,GRC,2005,6.006
Greece,GRC,2007,6.647
Greece,GRC,2009,6.039
Greece,GRC,2010,5.84
Greece,GRC,2011,5.372
Greece,GRC,2012,5.096
Greece,GRC,2013,4.72
Greece,GRC,2014,4.756
Greece,GRC,2015,5.623
Greece,GRC,2016,5.303
Greece,GRC,2017,5.148
Greece,GRC,2018,5.409
Greece,GRC,2019,5.952
Greece,GRC,2020,5.788
Guatemala,GTM,2006,5.901
Guatemala,GTM,2007,6.33
Guatemala,GTM,2008,6.414
Guatemala,GTM,2009,6.452
Guatemala,GTM,2010,6.29
Guatemala,GTM,2011,5.743
Guatemala,GTM,2012,5.856
Guatemala,GTM,2013,5.985
Guatemala,GTM,2014,6.536
Guatemala,GTM,2015,6.465
Guatemala,GTM,2016,6.359
Guatemala,GTM,2017,6.325
Guatemala,GTM,2018,6.627
Guatemala,GTM,2019,6.262
Guinea,GIN,2011,4.045
Guinea,GIN,2012,3.652
Guinea,GIN,2013,3.902
Guinea,GIN,2014,3.412
Guinea,GIN,2015,3.505
Guinea,GIN,2016,3.603
Guinea,GIN,2017,4.874
Guinea,GIN,2018,5.252
Guinea,GIN,2019,4.768
Guyana,GUY,2007,5.993
Haiti,HTI,2006,3.754
Haiti,HTI,2008,3.846
Haiti,HTI,2010,3.766
Haiti,HTI,2011,4.845
Haiti,HTI,2012,4.413
Haiti,HTI,2013,4.622
Haiti,HTI,2014,3.889
Haiti,HTI,2015,3.57
Haiti,HTI,2016,3.352
Haiti,HTI,2017,3.824
Haiti,HTI,2018,3.615
Honduras,HND,2006,5.397
Honduras,HND,2007,5.097
Honduras,HND,2008,5.42
Honduras,HND,2009,6.033
Honduras,HND,2010,5.866
Honduras,HND,2011,4.961
Honduras,HND,2012,4.602
Honduras,HND,2013,4.713
Honduras,HND,2014,5.056
Honduras,HND,2015,4.845
Honduras,HND,2016,5.648
Honduras,HND,2017,6.02
Honduras,HND,2018,5.908
Honduras,HND,2019,5.93
Hong Kong,HKG,2006,5.511
Hong Kong,HKG,2008,5.137
Hong Kong,HKG,2009,5.397
Hong Kong,HKG,2010,5.643
Hong Kong,HKG,2011,5.474
Hong Kong,HKG,2012,5.484
Hong Kong,HKG,2014,5.458
Hong Kong,HKG,2016,5.498
Hong Kong,HKG,2017,5.362
Hong Kong,HKG,2019,5.659
Hong Kong,HKG,2020,5.295
Hungary,HUN,2005,5.194
Hungary,HUN,2007,4.954
Hungary,HUN,2009,4.895
Hungary,HUN,2010,4.725
Hungary,HUN,2011,4.918
Hungary,HUN,2012,4.683
Hungary,HUN,2013,4.914
Hungary,HUN,2014,5.181
Hungary,HUN,2015,5.344
Hungary,HUN,2016,5.449
Hungary,HUN,2017,6.065
Hungary,HUN,2018,5.936
Hungary,HUN,2019,6
Hungary,HUN,2020,6.038
Iceland,ISL,2008,6.888
Iceland,ISL,2012,7.591
Iceland,ISL,2013,7.501
Iceland,ISL,2015,7.498
Iceland,ISL,2016,7.51
Iceland,ISL,2017,7.476
Iceland,ISL,2019,7.533
Iceland,ISL,2020,7.575
India,IND,2006,5.348
India,IND,2007,5.027
India,IND,2008,5.146
India,IND,2009,4.522
India,IND,2010,4.989
India,IND,2011,4.635
India,IND,2012,4.72
India,IND,2013,4.428
India,IND,2014,4.424
India,IND,2015,4.342
India,IND,2016,4.179
India,IND,2017,4.046
India,IND,2018,3.818
India,IND,2019,3.249
India,IND,2020,4.225
Indonesia,IDN,2006,4.947
Indonesia,IDN,2007,5.101
Indonesia,IDN,2008,4.815
Indonesia,IDN,2009,5.472
Indonesia,IDN,2010,5.457
Indonesia,IDN,2011,5.173
Indonesia,IDN,2012,5.368
Indonesia,IDN,2013,5.292
Indonesia,IDN,2014,5.597
Indonesia,IDN,2015,5.043
Indonesia,IDN,2016,5.136
Indonesia,IDN,2017,5.098
Indonesia,IDN,2018,5.34
Indonesia,IDN,2019,5.347
Iran,IRN,2005,5.308
Iran,IRN,2007,5.336
Iran,IRN,2008,5.129
Iran,IRN,2011,4.768
Iran,IRN,2012,4.609
Iran,IRN,2013,5.14
Iran,IRN,2014,4.682
Iran,IRN,2015,4.75
Iran,IRN,2016,4.653
Iran,IRN,2017,4.717
Iran,IRN,2018,4.278
Iran,IRN,2019,5.006
Iran,IRN,2020,4.865
Iraq,IRQ,2008,4.59
Iraq,IRQ,2009,4.775
Iraq,IRQ,2010,5.065
Iraq,IRQ,2011,4.725
Iraq,IRQ,2012,4.66
Iraq,IRQ,2013,4.725
Iraq,IRQ,2014,4.542
Iraq,IRQ,2015,4.493
Iraq,IRQ,2016,4.413
Iraq,IRQ,2017,4.462
Iraq,IRQ,2018,4.886
Iraq,IRQ,2020,4.785
Ireland,IRL,2006,7.144
Ireland,IRL,2008,7.568
Ireland,IRL,2009,7.046
Ireland,IRL,2010,7.257
Ireland,IRL,2011,7.007
Ireland,IRL,2012,6.965
Ireland,IRL,2013,6.76
Ireland,IRL,2014,7.018
Ireland,IRL,2015,6.83
Ireland,IRL,2016,7.041
Ireland,IRL,2017,7.06
Ireland,IRL,2018,6.962
Ireland,IRL,2019,7.255
Ireland,IRL,2020,7.035
Israel,ISR,2006,7.173
Israel,ISR,2007,6.841
Israel,ISR,2008,7.261
Israel,ISR,2009,7.353
Israel,ISR,2010,7.359
Israel,ISR,2011,7.433
Israel,ISR,2012,7.111
Israel,ISR,2013,7.321
Israel,ISR,2014,7.401
Israel,ISR,2015,7.079
Israel,ISR,2016,7.159
Israel,ISR,2017,7.331
Israel,ISR,2018,6.927
Israel,ISR,2019,7.332
Israel,ISR,2020,7.195
Italy,ITA,2005,6.854
Italy,ITA,2007,6.574
Italy,ITA,2008,6.78
Italy,ITA,2009,6.334
Italy,ITA,2010,6.354
Italy,ITA,2011,6.057
Italy,ITA,2012,5.839
Italy,ITA,2013,6.009
Italy,ITA,2014,6.027
Italy,ITA,2015,5.848
Italy,ITA,2016,5.955
Italy,ITA,2017,6.199
Italy,ITA,2018,6.517
Italy,ITA,2019,6.445
Italy,ITA,2020,6.488
Jamaica,JAM,2006,6.208
Jamaica,JAM,2011,5.374
Jamaica,JAM,2013,5.709
Jamaica,JAM,2014,5.311
Jamaica,JAM,2017,5.89
Jamaica,JAM,2019,6.309
Japan,JPN,2005,6.516
Japan,JPN,2007,6.238
Japan,JPN,2008,5.911
Japan,JPN,2009,5.845
Japan,JPN,2010,6.057
Japan,JPN,2011,6.263
Japan,JPN,2012,5.968
Japan,JPN,2013,5.959
Japan,JPN,2014,5.923
Japan,JPN,2015,5.88
Japan,JPN,2016,5.955
Japan,JPN,2017,5.911
Japan,JPN,2018,5.794
Japan,JPN,2019,5.908
Japan,JPN,2020,6.118
Jordan,JOR,2005,6.295
Jordan,JOR,2007,5.598
Jordan,JOR,2008,4.93
Jordan,JOR,2009,6
Jordan,JOR,2010,5.57
Jordan,JOR,2011,5.539
Jordan,JOR,2012,5.132
Jordan,JOR,2013,5.172
Jordan,JOR,2014,5.333
Jordan,JOR,2015,5.405
Jordan,JOR,2016,5.271
Jordan,JOR,2017,4.808
Jordan,JOR,2018,4.639
Jordan,JOR,2019,4.453
Jordan,JOR,2020,4.094
Kazakhstan,KAZ,2006,5.476
Kazakhstan,KAZ,2007,5.719
Kazakhstan,KAZ,2008,5.886
Kazakhstan,KAZ,2009,5.383
Kazakhstan,KAZ,2010,5.514
Kazakhstan,KAZ,2011,5.736
Kazakhstan,KAZ,2012,5.759
Kazakhstan,KAZ,2013,5.835
Kazakhstan,KAZ,2014,5.97
Kazakhstan,KAZ,2015,5.95
Kazakhstan,KAZ,2016,5.534
Kazakhstan,KAZ,2017,5.882
Kazakhstan,KAZ,2018,6.008
Kazakhstan,KAZ,2019,6.272
Kazakhstan,KAZ,2020,6.168
Kenya,KEN,2006,4.223
Kenya,KEN,2007,4.576
Kenya,KEN,2008,4.015
Kenya,KEN,2009,4.27
Kenya,KEN,2010,4.256
Kenya,KEN,2011,4.405
Kenya,KEN,2012,4.547
Kenya,KEN,2013,3.795
Kenya,KEN,2014,4.905
Kenya,KEN,2015,4.358
Kenya,KEN,2016,4.396
Kenya,KEN,2017,4.476
Kenya,KEN,2018,4.656
Kenya,KEN,2019,4.619
Kenya,KEN,2020,4.547
Kosovo,OWID_KOS,2007,5.104
Kosovo,OWID_KOS,2008,5.522
Kosovo,OWID_KOS,2009,5.891
Kosovo,OWID_KOS,2010,5.177
Kosovo,OWID_KOS,2011,4.86
Kosovo,OWID_KOS,2012,5.64
Kosovo,OWID_KOS,2013,6.126
Kosovo,OWID_KOS,2014,5
Kosovo,OWID_KOS,2015,5.077
Kosovo,OWID_KOS,2016,5.759
Kosovo,OWID_KOS,2017,6.149
Kosovo,OWID_KOS,2018,6.392
Kosovo,OWID_KOS,2019,6.425
Kosovo,OWID_KOS,2020,6.294
Kuwait,KWT,2006,6.076
Kuwait,KWT,2009,6.585
Kuwait,KWT,2010,6.798
Kuwait,KWT,2011,6.378
Kuwait,KWT,2012,6.221
Kuwait,KWT,2013,6.48
Kuwait,KWT,2014,6.18
Kuwait,KWT,2015,6.146
Kuwait,KWT,2016,5.947
Kuwait,KWT,2017,6.094
Kuwait,KWT,2019,6.106
Kyrgyzstan,KGZ,2006,4.641
Kyrgyzstan,KGZ,2007,4.698
Kyrgyzstan,KGZ,2008,4.737
Kyrgyzstan,KGZ,2009,5.069
Kyrgyzstan,KGZ,2010,4.996
Kyrgyzstan,KGZ,2011,4.921
Kyrgyzstan,KGZ,2012,5.208
Kyrgyzstan,KGZ,2013,5.402
Kyrgyzstan,KGZ,2014,5.252
Kyrgyzstan,KGZ,2015,4.905
Kyrgyzstan,KGZ,2016,4.857
Kyrgyzstan,KGZ,2017,5.63
Kyrgyzstan,KGZ,2018,5.297
Kyrgyzstan,KGZ,2019,5.685
Kyrgyzstan,KGZ,2020,6.25
Laos,LAO,2006,5.076
Laos,LAO,2007,5.364
Laos,LAO,2008,5.044
Laos,LAO,2011,4.704
Laos,LAO,2012,4.876
Laos,LAO,2017,4.623
Laos,LAO,2018,4.859
Laos,LAO,2019,5.197
Laos,LAO,2020,5.284
Latvia,LVA,2006,4.71
Latvia,LVA,2007,4.667
Latvia,LVA,2008,5.145
Latvia,LVA,2009,4.669
Latvia,LVA,2011,4.967
Latvia,LVA,2012,5.125
Latvia,LVA,2013,5.07
Latvia,LVA,2014,5.729
Latvia,LVA,2015,5.881
Latvia,LVA,2016,5.94
Latvia,LVA,2017,5.978
Latvia,LVA,2018,5.901
Latvia,LVA,2019,5.97
Latvia,LVA,2020,6.229
Lebanon,LBN,2005,5.491
Lebanon,LBN,2006,4.653
Lebanon,LBN,2008,4.595
Lebanon,LBN,2009,5.206
Lebanon,LBN,2010,5.032
Lebanon,LBN,2011,5.188
Lebanon,LBN,2012,4.573
Lebanon,LBN,2013,4.983
Lebanon,LBN,2014,5.233
Lebanon,LBN,2015,5.172
Lebanon,LBN,2016,5.271
Lebanon,LBN,2017,5.154
Lebanon,LBN,2018,5.167
Lebanon,LBN,2019,4.024
Lesotho,LSO,2011,4.898
Lesotho,LSO,2016,3.808
Lesotho,LSO,2017,3.795
Lesotho,LSO,2019,3.512
Liberia,LBR,2007,3.701
Liberia,LBR,2008,4.221
Liberia,LBR,2010,4.196
Liberia,LBR,2014,4.571
Liberia,LBR,2015,2.702
Liberia,LBR,2016,3.355
Liberia,LBR,2017,4.424
Liberia,LBR,2018,4.135
Liberia,LBR,2019,5.121
Libya,LBY,2012,5.754
Libya,LBY,2015,5.615
Libya,LBY,2016,5.434
Libya,LBY,2017,5.647
Libya,LBY,2018,5.494
Libya,LBY,2019,5.33
Lithuania,LTU,2006,5.954
Lithuania,LTU,2007,5.808
Lithuania,LTU,2008,5.554
Lithuania,LTU,2009,5.467
Lithuania,LTU,2010,5.066
Lithuania,LTU,2011,5.432
Lithuania,LTU,2012,5.771
Lithuania,LTU,2013,5.596
Lithuania,LTU,2014,6.126
Lithuania,LTU,2015,5.711
Lithuania,LTU,2016,5.866
Lithuania,LTU,2017,6.273
Lithuania,LTU,2018,6.309
Lithuania,LTU,2019,6.064
Lithuania,LTU,2020,6.391
Luxembourg,LUX,2009,6.958
Luxembourg,LUX,2010,7.097
Luxembourg,LUX,2011,7.101
Luxembourg,LUX,2012,6.964
Luxembourg,LUX,2013,7.131
Luxembourg,LUX,2014,6.891
Luxembourg,LUX,2015,6.702
Luxembourg,LUX,2016,6.967
Luxembourg,LUX,2017,7.061
Luxembourg,LUX,2018,7.243
Luxembourg,LUX,2019,7.404
Madagascar,MDG,2006,3.98
Madagascar,MDG,2008,4.64
Madagascar,MDG,2011,4.381
Madagascar,MDG,2012,3.551
Madagascar,MDG,2013,3.816
Madagascar,MDG,2014,3.676
Madagascar,MDG,2015,3.593
Madagascar,MDG,2016,3.663
Madagascar,MDG,2017,4.079
Madagascar,MDG,2018,4.071
Madagascar,MDG,2019,4.339
Malawi,MWI,2006,3.83
Malawi,MWI,2007,4.891
Malawi,MWI,2009,5.148
Malawi,MWI,2011,3.946
Malawi,MWI,2012,4.279
Malawi,MWI,2013,4.035
Malawi,MWI,2014,4.563
Malawi,MWI,2015,3.868
Malawi,MWI,2016,3.476
Malawi,MWI,2017,3.417
Malawi,MWI,2018,3.335
Malawi,MWI,2019,3.869
Malaysia,MYS,2006,6.012
Malaysia,MYS,2007,6.239
Malaysia,MYS,2008,5.807
Malaysia,MYS,2009,5.385
Malaysia,MYS,2010,5.58
Malaysia,MYS,2011,5.786
Malaysia,MYS,2012,5.914
Malaysia,MYS,2013,5.77
Malaysia,MYS,2014,5.963
Malaysia,MYS,2015,6.322
Malaysia,MYS,2018,5.339
Malaysia,MYS,2019,5.428
Maldives,MDV,2018,5.198
Mali,MLI,2006,4.014
Mali,MLI,2008,4.115
Mali,MLI,2009,3.977
Mali,MLI,2010,3.762
Mali,MLI,2011,4.667
Mali,MLI,2012,4.313
Mali,MLI,2013,3.676
Mali,MLI,2014,3.975
Mali,MLI,2015,4.582
Mali,MLI,2016,4.016
Mali,MLI,2017,4.742
Mali,MLI,2018,4.416
Mali,MLI,2019,4.988
Malta,MLT,2009,6.328
Malta,MLT,2010,5.774
Malta,MLT,2011,6.155
Malta,MLT,2012,5.963
Malta,MLT,2013,6.38
Malta,MLT,2014,6.452
Malta,MLT,2015,6.613
Malta,MLT,2016,6.591
Malta,MLT,2017,6.676
Malta,MLT,2018,6.91
Malta,MLT,2019,6.733
Malta,MLT,2020,6.157
Mauritania,MRT,2007,4.149
Mauritania,MRT,2008,4.248
Mauritania,MRT,2009,4.5
Mauritania,MRT,2010,4.772
Mauritania,MRT,2011,4.785
Mauritania,MRT,2012,4.673
Mauritania,MRT,2013,4.199
Mauritania,MRT,2014,4.483
Mauritania,MRT,2015,3.923
Mauritania,MRT,2016,4.472
Mauritania,MRT,2017,4.678
Mauritania,MRT,2018,4.314
Mauritania,MRT,2019,4.153
Mauritius,MUS,2011,5.477
Mauritius,MUS,2014,5.648
Mauritius,MUS,2016,5.61
Mauritius,MUS,2017,6.174
Mauritius,MUS,2018,5.882
Mauritius,MUS,2019,6.241
Mauritius,MUS,2020,6.015
Mexico,MEX,2005,6.581
Mexico,MEX,2007,6.525
Mexico,MEX,2008,6.829
Mexico,MEX,2009,6.963
Mexico,MEX,2010,6.802
Mexico,MEX,2011,6.91
Mexico,MEX,2012,7.32
Mexico,MEX,2013,7.443
Mexico,MEX,2014,6.68
Mexico,MEX,2015,6.236
Mexico,MEX,2016,6.824
Mexico,MEX,2017,6.41
Mexico,MEX,2018,6.55
Mexico,MEX,2019,6.432
Mexico,MEX,2020,5.964
Moldova,MDA,2006,5.102
Moldova,MDA,2007,4.775
Moldova,MDA,2008,5.503
Moldova,MDA,2009,5.554
Moldova,MDA,2010,5.59
Moldova,MDA,2011,5.792
Moldova,MDA,2012,5.996
Moldova,MDA,2013,5.756
Moldova,MDA,2014,5.917
Moldova,MDA,2015,6.017
Moldova,MDA,2016,5.578
Moldova,MDA,2017,5.326
Moldova,MDA,2018,5.682
Moldova,MDA,2019,5.803
Moldova,MDA,2020,5.812
Mongolia,MNG,2007,4.609
Mongolia,MNG,2008,4.493
Mongolia,MNG,2010,4.586
Mongolia,MNG,2011,5.031
Mongolia,MNG,2012,4.885
Mongolia,MNG,2013,4.913
Mongolia,MNG,2014,4.825
Mongolia,MNG,2015,4.983
Mongolia,MNG,2016,5.057
Mongolia,MNG,2017,5.334
Mongolia,MNG,2018,5.465
Mongolia,MNG,2019,5.563
Mongolia,MNG,2020,6.011
Montenegro,MNE,2007,5.196
Montenegro,MNE,2009,4.801
Montenegro,MNE,2010,5.455
Montenegro,MNE,2011,5.223
Montenegro,MNE,2012,5.219
Montenegro,MNE,2013,5.074
Montenegro,MNE,2014,5.283
Montenegro,MNE,2015,5.125
Montenegro,MNE,2016,5.304
Montenegro,MNE,2017,5.615
Montenegro,MNE,2018,5.65
Montenegro,MNE,2019,5.386
Montenegro,MNE,2020,5.722
Morocco,MAR,2010,4.383
Morocco,MAR,2011,5.085
Morocco,MAR,2012,4.97
Morocco,MAR,2013,5.142
Morocco,MAR,2015,5.163
Morocco,MAR,2016,5.386
Morocco,MAR,2017,5.312
Morocco,MAR,2018,4.897
Morocco,MAR,2019,5.057
Morocco,MAR,2020,4.803
Mozambique,MOZ,2006,4.595
Mozambique,MOZ,2007,4.833
Mozambique,MOZ,2008,4.654
Mozambique,MOZ,2011,4.971
Mozambique,MOZ,2015,4.55
Mozambique,MOZ,2017,4.28
Mozambique,MOZ,2018,4.654
Mozambique,MOZ,2019,4.932
Myanmar,MMR,2012,4.439
Myanmar,MMR,2013,4.176
Myanmar,MMR,2014,4.786
Myanmar,MMR,2015,4.224
Myanmar,MMR,2016,4.623
Myanmar,MMR,2017,4.154
Myanmar,MMR,2018,4.411
Myanmar,MMR,2019,4.434
Myanmar,MMR,2020,4.431
Namibia,NAM,2007,4.886
Namibia,NAM,2014,4.574
Namibia,NAM,2017,4.441
Namibia,NAM,2018,4.834
Namibia,NAM,2019,4.436
Namibia,NAM,2020,4.451
Nepal,NPL,2006,4.567
Nepal,NPL,2007,4.748
Nepal,NPL,2008,4.441
Nepal,NPL,2009,4.917
Nepal,NPL,2010,4.35
Nepal,NPL,2011,3.809
Nepal,NPL,2012,4.233
Nepal,NPL,2013,4.605
Nepal,NPL,2014,4.975
Nepal,NPL,2015,4.812
Nepal,NPL,2016,5.1
Nepal,NPL,2017,4.737
Nepal,NPL,2018,4.91
Nepal,NPL,2019,5.449
Netherlands,NLD,2005,7.464
Netherlands,NLD,2007,7.452
Netherlands,NLD,2008,7.631
Netherlands,NLD,2010,7.502
Netherlands,NLD,2011,7.564
Netherlands,NLD,2012,7.471
Netherlands,NLD,2013,7.407
Netherlands,NLD,2014,7.321
Netherlands,NLD,2015,7.324
Netherlands,NLD,2016,7.541
Netherlands,NLD,2017,7.459
Netherlands,NLD,2018,7.463
Netherlands,NLD,2019,7.425
Netherlands,NLD,2020,7.504
New Zealand,NZL,2006,7.305
New Zealand,NZL,2007,7.604
New Zealand,NZL,2008,7.381
New Zealand,NZL,2010,7.224
New Zealand,NZL,2011,7.191
New Zealand,NZL,2012,7.25
New Zealand,NZL,2013,7.28
New Zealand,NZL,2014,7.306
New Zealand,NZL,2015,7.418
New Zealand,NZL,2016,7.226
New Zealand,NZL,2017,7.327
New Zealand,NZL,2018,7.37
New Zealand,NZL,2019,7.205
New Zealand,NZL,2020,7.257
Nicaragua,NIC,2006,4.46
Nicaragua,NIC,2007,4.944
Nicaragua,NIC,2008,5.104
Nicaragua,NIC,2009,5.353
Nicaragua,NIC,2010,5.687
Nicaragua,NIC,2011,5.386
Nicaragua,NIC,2012,5.448
Nicaragua,NIC,2013,5.772
Nicaragua,NIC,2014,6.275
Nicaragua,NIC,2015,5.924
Nicaragua,NIC,2016,6.013
Nicaragua,NIC,2017,6.476
Nicaragua,NIC,2018,5.819
Nicaragua,NIC,2019,6.113
Niger,NER,2006,3.737
Niger,NER,2007,4.277
Niger,NER,2008,4.236
Niger,NER,2009,4.267
Niger,NER,2010,4.101
Niger,NER,2011,4.556
Niger,NER,2012,3.798
Niger,NER,2013,3.716
Niger,NER,2014,4.181
Niger,NER,2015,3.671
Niger,NER,2016,4.235
Niger,NER,2017,4.616
Niger,NER,2018,5.164
Niger,NER,2019,5.004
Nigeria,NGA,2006,4.71
Nigeria,NGA,2007,4.89
Nigeria,NGA,2008,4.939
Nigeria,NGA,2009,4.98
Nigeria,NGA,2010,4.76
Nigeria,NGA,2012,5.493
Nigeria,NGA,2013,4.818
Nigeria,NGA,2015,4.933
Nigeria,NGA,2016,5.22
Nigeria,NGA,2017,5.322
Nigeria,NGA,2018,5.252
Nigeria,NGA,2019,4.356
Nigeria,NGA,2020,5.503
North Macedonia,MKD,2007,4.494
North Macedonia,MKD,2009,4.428
North Macedonia,MKD,2010,4.18
North Macedonia,MKD,2011,4.898
North Macedonia,MKD,2012,4.64
North Macedonia,MKD,2013,5.186
North Macedonia,MKD,2014,5.204
North Macedonia,MKD,2015,4.976
North Macedonia,MKD,2016,5.346
North Macedonia,MKD,2017,5.234
North Macedonia,MKD,2018,5.24
North Macedonia,MKD,2019,5.015
North Macedonia,MKD,2020,5.054
Northern Cyprus,OWID_CYN,2012,5.463
Northern Cyprus,OWID_CYN,2013,5.567
Northern Cyprus,OWID_CYN,2014,5.786
Northern Cyprus,OWID_CYN,2015,5.843
Northern Cyprus,OWID_CYN,2016,5.827
Northern Cyprus,OWID_CYN,2018,5.608
Northern Cyprus,OWID_CYN,2019,5.467
Norway,NOR,2006,7.416
Norway,NOR,2008,7.632
Norway,NOR,2012,7.678
Norway,NOR,2014,7.444
Norway,NOR,2015,7.603
Norway,NOR,2016,7.596
Norway,NOR,2017,7.579
Norway,NOR,2018,7.444
Norway,NOR,2019,7.442
Norway,NOR,2020,7.29
Oman,OMN,2011,6.853
Pakistan,PAK,2005,5.225
Pakistan,PAK,2007,5.671
Pakistan,PAK,2008,4.414
Pakistan,PAK,2009,5.208
Pakistan,PAK,2010,5.786
Pakistan,PAK,2011,5.267
Pakistan,PAK,2012,5.132
Pakistan,PAK,2013,5.138
Pakistan,PAK,2014,5.436
Pakistan,PAK,2015,4.823
Pakistan,PAK,2016,5.549
Pakistan,PAK,2017,5.831
Pakistan,PAK,2018,5.472
Pakistan,PAK,2019,4.443
Palestine,PSE,2006,4.716
Palestine,PSE,2007,4.151
Palestine,PSE,2008,4.386
Palestine,PSE,2009,4.47
Palestine,PSE,2010,4.703
Palestine,PSE,2011,4.751
Palestine,PSE,2012,4.647
Palestine,PSE,2013,4.844
Palestine,PSE,2014,4.722
Palestine,PSE,2015,4.695
Palestine,PSE,2016,4.907
Palestine,PSE,2017,4.628
Palestine,PSE,2018,4.554
Palestine,PSE,2019,4.483
Panama,PAN,2006,6.128
Panama,PAN,2007,6.894
Panama,PAN,2008,6.931
Panama,PAN,2009,7.034
Panama,PAN,2010,7.321
Panama,PAN,2011,7.248
Panama,PAN,2012,6.86
Panama,PAN,2013,6.866
Panama,PAN,2014,6.631
Panama,PAN,2015,6.606
Panama,PAN,2016,6.118
Panama,PAN,2017,6.568
Panama,PAN,2018,6.281
Panama,PAN,2019,6.086
Paraguay,PRY,2006,4.73
Paraguay,PRY,2007,5.272
Paraguay,PRY,2008,5.57
Paraguay,PRY,2009,5.576
Paraguay,PRY,2010,5.841
Paraguay,PRY,2011,5.677
Paraguay,PRY,2012,5.82
Paraguay,PRY,2013,5.936
Paraguay,PRY,2014,5.119
Paraguay,PRY,2015,5.56
Paraguay,PRY,2016,5.801
Paraguay,PRY,2017,5.713
Paraguay,PRY,2019,5.653
Peru,PER,2006,4.811
Peru,PER,2007,5.214
Peru,PER,2008,5.129
Peru,PER,2009,5.519
Peru,PER,2010,5.613
Peru,PER,2011,5.892
Peru,PER,2012,5.825
Peru,PER,2013,5.783
Peru,PER,2014,5.866
Peru,PER,2015,5.577
Peru,PER,2016,5.701
Peru,PER,2017,5.711
Peru,PER,2018,5.68
Peru,PER,2019,5.999
Philippines,PHL,2006,4.67
Philippines,PHL,2007,5.074
Philippines,PHL,2008,4.589
Philippines,PHL,2009,4.88
Philippines,PHL,2010,4.942
Philippines,PHL,2011,4.994
Philippines,PHL,2012,5.002
Philippines,PHL,2013,4.977
Philippines,PHL,2014,5.313
Philippines,PHL,2015,5.547
Philippines,PHL,2016,5.431
Philippines,PHL,2017,5.594
Philippines,PHL,2018,5.869
Philippines,PHL,2019,6.268
Philippines,PHL,2020,5.08
Poland,POL,2005,5.587
Poland,POL,2007,5.886
Poland,POL,2009,5.772
Poland,POL,2010,5.887
Poland,POL,2011,5.646
Poland,POL,2012,5.876
Poland,POL,2013,5.746
Poland,POL,2014,5.75
Poland,POL,2015,6.007
Poland,POL,2016,6.162
Poland,POL,2017,6.201
Poland,POL,2018,6.111
Poland,POL,2019,6.242
Poland,POL,2020,6.139
Portugal,PRT,2006,5.405
Portugal,PRT,2008,5.717
Portugal,PRT,2010,5.095
Portugal,PRT,2011,5.22
Portugal,PRT,2012,4.994
Portugal,PRT,2013,5.158
Portugal,PRT,2014,5.127
Portugal,PRT,2015,5.081
Portugal,PRT,2016,5.447
Portugal,PRT,2017,5.711
Portugal,PRT,2018,5.92
Portugal,PRT,2019,6.095
Portugal,PRT,2020,5.768
Qatar,QAT,2009,6.418
Qatar,QAT,2010,6.85
Qatar,QAT,2011,6.592
Qatar,QAT,2012,6.611
Qatar,QAT,2015,6.375
Romania,ROU,2005,5.049
Romania,ROU,2007,5.394
Romania,ROU,2009,5.368
Romania,ROU,2010,4.909
Romania,ROU,2011,5.023
Romania,ROU,2012,5.167
Romania,ROU,2013,5.082
Romania,ROU,2014,5.727
Romania,ROU,2015,5.777
Romania,ROU,2016,5.969
Romania,ROU,2017,6.09
Romania,ROU,2018,6.151
Romania,ROU,2019,6.13
Russia,RUS,2006,4.964
Russia,RUS,2007,5.223
Russia,RUS,2008,5.619
Russia,RUS,2009,5.158
Russia,RUS,2010,5.385
Russia,RUS,2011,5.389
Russia,RUS,2012,5.621
Russia,RUS,2013,5.537
Russia,RUS,2014,6.037
Russia,RUS,2015,5.996
Russia,RUS,2016,5.855
Russia,RUS,2017,5.579
Russia,RUS,2018,5.514
Russia,RUS,2019,5.441
Russia,RUS,2020,5.495
Rwanda,RWA,2006,4.215
Rwanda,RWA,2008,4.363
Rwanda,RWA,2009,4.03
Rwanda,RWA,2011,4.097
Rwanda,RWA,2012,3.333
Rwanda,RWA,2013,3.466
Rwanda,RWA,2014,3.596
Rwanda,RWA,2015,3.483
Rwanda,RWA,2016,3.333
Rwanda,RWA,2017,3.108
Rwanda,RWA,2018,3.561
Rwanda,RWA,2019,3.268
Saudi Arabia,SAU,2005,7.08
Saudi Arabia,SAU,2007,7.267
Saudi Arabia,SAU,2008,6.811
Saudi Arabia,SAU,2009,6.148
Saudi Arabia,SAU,2010,6.307
Saudi Arabia,SAU,2011,6.7
Saudi Arabia,SAU,2012,6.396
Saudi Arabia,SAU,2013,6.495
Saudi Arabia,SAU,2014,6.278
Saudi Arabia,SAU,2015,6.345
Saudi Arabia,SAU,2016,6.474
Saudi Arabia,SAU,2017,6.294
Saudi Arabia,SAU,2018,6.356
Saudi Arabia,SAU,2019,6.561
Saudi Arabia,SAU,2020,6.56
Senegal,SEN,2006,4.417
Senegal,SEN,2007,4.68
Senegal,SEN,2008,4.683
Senegal,SEN,2009,4.335
Senegal,SEN,2010,4.372
Senegal,SEN,2011,3.834
Senegal,SEN,2012,3.669
Senegal,SEN,2013,3.647
Senegal,SEN,2014,4.395
Senegal,SEN,2015,4.617
Senegal,SEN,2016,4.595
Senegal,SEN,2017,4.683
Senegal,SEN,2018,4.769
Senegal,SEN,2019,5.489
Serbia,SRB,2007,4.75
Serbia,SRB,2009,4.38
Serbia,SRB,2010,4.461
Serbia,SRB,2011,4.815
Serbia,SRB,2012,5.155
Serbia,SRB,2013,5.102
Serbia,SRB,2014,5.113
Serbia,SRB,2015,5.318
Serbia,SRB,2016,5.753
Serbia,SRB,2017,5.122
Serbia,SRB,2018,5.936
Serbia,SRB,2019,6.241
Serbia,SRB,2020,6.042
Sierra Leone,SLE,2006,3.628
Sierra Leone,SLE,2007,3.585
Sierra Leone,SLE,2008,2.997
Sierra Leone,SLE,2010,4.134
Sierra Leone,SLE,2011,4.502
Sierra Leone,SLE,2013,4.514
Sierra Leone,SLE,2014,4.5
Sierra Leone,SLE,2015,4.909
Sierra Leone,SLE,2016,4.733
Sierra Leone,SLE,2017,4.09
Sierra Leone,SLE,2018,4.306
Sierra Leone,SLE,2019,3.447
Singapore,SGP,2006,6.463
Singapore,SGP,2007,6.834
Singapore,SGP,2008,6.642
Singapore,SGP,2009,6.145
Singapore,SGP,2010,6.531
Singapore,SGP,2011,6.561
Singapore,SGP,2013,6.533
Singapore,SGP,2014,7.062
Singapore,SGP,2015,6.62
Singapore,SGP,2016,6.033
Singapore,SGP,2017,6.378
Singapore,SGP,2018,6.375
Singapore,SGP,2019,6.378
Slovakia,SVK,2006,5.265
Slovakia,SVK,2010,6.052
Slovakia,SVK,2011,5.945
Slovakia,SVK,2012,5.911
Slovakia,SVK,2013,5.937
Slovakia,SVK,2014,6.139
Slovakia,SVK,2015,6.162
Slovakia,SVK,2016,5.993
Slovakia,SVK,2017,6.366
Slovakia,SVK,2018,6.235
Slovakia,SVK,2019,6.243
Slovakia,SVK,2020,6.519
Slovenia,SVN,2006,5.811
Slovenia,SVN,2009,5.83
Slovenia,SVN,2010,6.083
Slovenia,SVN,2011,6.036
Slovenia,SVN,2012,6.063
Slovenia,SVN,2013,5.975
Slovenia,SVN,2014,5.678
Slovenia,SVN,2015,5.741
Slovenia,SVN,2016,5.937
Slovenia,SVN,2017,6.167
Slovenia,SVN,2018,6.249
Slovenia,SVN,2019,6.665
Slovenia,SVN,2020,6.462
Somalia,SOM,2014,5.528
Somalia,SOM,2015,5.354
Somalia,SOM,2016,4.668
Somaliland region,,2009,4.991
Somaliland region,,2010,4.657
Somaliland region,,2011,4.931
Somaliland region,,2012,5.057
South Africa,ZAF,2006,5.084
South Africa,ZAF,2007,5.204
South Africa,ZAF,2008,5.346
South Africa,ZAF,2009,5.218
South Africa,ZAF,2010,4.652
South Africa,ZAF,2011,4.931
South Africa,ZAF,2012,5.134
South Africa,ZAF,2013,3.661
South Africa,ZAF,2014,4.828
South Africa,ZAF,2015,4.887
South Africa,ZAF,2016,4.77
South Africa,ZAF,2017,4.514
South Africa,ZAF,2018,4.884
South Africa,ZAF,2019,5.035
South Africa,ZAF,2020,4.947
South Korea,KOR,2006,5.332
South Korea,KOR,2007,5.767
South Korea,KOR,2008,5.39
South Korea,KOR,2009,5.648
South Korea,KOR,2010,6.116
South Korea,KOR,2011,6.947
South Korea,KOR,2012,6.003
South Korea,KOR,2013,5.959
South Korea,KOR,2014,5.801
South Korea,KOR,2015,5.78
South Korea,KOR,2016,5.971
South Korea,KOR,2017,5.874
South Korea,KOR,2018,5.84
South Korea,KOR,2019,5.903
South Korea,KOR,2020,5.793
South Sudan,SSD,2014,3.832
South Sudan,SSD,2015,4.071
South Sudan,SSD,2016,2.888
South Sudan,SSD,2017,2.817
Spain,ESP,2005,7.153
Spain,ESP,2007,6.995
Spain,ESP,2008,7.294
Spain,ESP,2009,6.199
Spain,ESP,2010,6.188
Spain,ESP,2011,6.518
Spain,ESP,2012,6.291
Spain,ESP,2013,6.15
Spain,ESP,2014,6.456
Spain,ESP,2015,6.381
Spain,ESP,2016,6.319
Spain,ESP,2017,6.23
Spain,ESP,2018,6.513
Spain,ESP,2019,6.457
Spain,ESP,2020,6.502
Sri Lanka,LKA,2006,4.345
Sri Lanka,LKA,2007,4.415
Sri Lanka,LKA,2008,4.431
Sri Lanka,LKA,2009,4.212
Sri Lanka,LKA,2010,3.977
Sri Lanka,LKA,2011,4.181
Sri Lanka,LKA,2012,4.225
Sri Lanka,LKA,2013,4.365
Sri Lanka,LKA,2014,4.268
Sri Lanka,LKA,2015,4.612
Sri Lanka,LKA,2017,4.331
Sri Lanka,LKA,2018,4.435
Sri Lanka,LKA,2019,4.213
Sudan,SDN,2009,4.455
Sudan,SDN,2010,4.435
Sudan,SDN,2011,4.314
Sudan,SDN,2012,4.55
Sudan,SDN,2014,4.139
Suriname,SUR,2012,6.269
Sweden,SWE,2005,7.376
Sweden,SWE,2007,7.241
Sweden,SWE,2008,7.516
Sweden,SWE,2009,7.266
Sweden,SWE,2010,7.496
Sweden,SWE,2011,7.382
Sweden,SWE,2012,7.56
Sweden,SWE,2013,7.434
Sweden,SWE,2014,7.239
Sweden,SWE,2015,7.289
Sweden,SWE,2016,7.369
Sweden,SWE,2017,7.287
Sweden,SWE,2018,7.375
Sweden,SWE,2019,7.398
Sweden,SWE,2020,7.314
Switzerland,CHE,2006,7.473
Switzerland,CHE,2009,7.525
Switzerland,CHE,2012,7.776
Switzerland,CHE,2014,7.493
Switzerland,CHE,2015,7.572
Switzerland,CHE,2016,7.459
Switzerland,CHE,2017,7.474
Switzerland,CHE,2018,7.509
Switzerland,CHE,2019,7.694
Switzerland,CHE,2020,7.508
Syria,SYR,2008,5.323
Syria,SYR,2009,4.979
Syria,SYR,2010,4.465
Syria,SYR,2011,4.038
Syria,SYR,2012,3.164
Syria,SYR,2013,2.688
Syria,SYR,2015,3.462
Taiwan,TWN,2006,6.189
Taiwan,TWN,2008,5.548
Taiwan,TWN,2010,6.229
Taiwan,TWN,2011,6.309
Taiwan,TWN,2012,6.126
Taiwan,TWN,2013,6.34
Taiwan,TWN,2014,6.363
Taiwan,TWN,2015,6.45
Taiwan,TWN,2016,6.513
Taiwan,TWN,2017,6.359
Taiwan,TWN,2018,6.467
Taiwan,TWN,2019,6.537
Taiwan,TWN,2020,6.751
Tajikistan,TJK,2006,4.613
Tajikistan,TJK,2007,4.432
Tajikistan,TJK,2008,5.064
Tajikistan,TJK,2009,4.575
Tajikistan,TJK,2010,4.381
Tajikistan,TJK,2011,4.263
Tajikistan,TJK,2012,4.497
Tajikistan,TJK,2013,4.967
Tajikistan,TJK,2014,4.896
Tajikistan,TJK,2015,5.124
Tajikistan,TJK,2016,5.104
Tajikistan,TJK,2017,5.829
Tajikistan,TJK,2018,5.497
Tajikistan,TJK,2019,5.464
Tajikistan,TJK,2020,5.373
Tanzania,TZA,2006,3.922
Tanzania,TZA,2007,4.318
Tanzania,TZA,2008,4.385
Tanzania,TZA,2009,3.408
Tanzania,TZA,2010,3.229
Tanzania,TZA,2011,4.074
Tanzania,TZA,2012,4.007
Tanzania,TZA,2013,3.852
Tanzania,TZA,2014,3.483
Tanzania,TZA,2015,3.661
Tanzania,TZA,2016,2.903
Tanzania,TZA,2017,3.347
Tanzania,TZA,2018,3.445
Tanzania,TZA,2019,3.64
Tanzania,TZA,2020,3.786
Thailand,THA,2006,5.885
Thailand,THA,2007,5.784
Thailand,THA,2008,5.636
Thailand,THA,2009,5.476
Thailand,THA,2010,6.217
Thailand,THA,2011,6.664
Thailand,THA,2012,6.3
Thailand,THA,2013,6.231
Thailand,THA,2014,6.985
Thailand,THA,2015,6.202
Thailand,THA,2016,6.074
Thailand,THA,2017,5.939
Thailand,THA,2018,6.012
Thailand,THA,2019,6.022
Thailand,THA,2020,5.885
Togo,TGO,2006,3.202
Togo,TGO,2008,2.808
Togo,TGO,2011,2.936
Togo,TGO,2014,2.839
Togo,TGO,2015,3.768
Togo,TGO,2016,3.879
Togo,TGO,2017,4.361
Togo,TGO,2018,4.023
Togo,TGO,2019,4.179
Trinidad and Tobago,TTO,2006,5.832
Trinidad and Tobago,TTO,2008,6.696
Trinidad and Tobago,TTO,2011,6.519
Trinidad and Tobago,TTO,2013,6.168
Trinidad and Tobago,TTO,2017,6.192
Tunisia,TUN,2009,5.025
Tunisia,TUN,2010,5.131
Tunisia,TUN,2011,4.876
Tunisia,TUN,2012,4.464
Tunisia,TUN,2013,5.246
Tunisia,TUN,2014,4.764
Tunisia,TUN,2015,5.132
Tunisia,TUN,2016,4.521
Tunisia,TUN,2017,4.124
Tunisia,TUN,2018,4.741
Tunisia,TUN,2019,4.315
Tunisia,TUN,2020,4.731
Turkey,TUR,2005,4.719
Turkey,TUR,2007,5.623
Turkey,TUR,2008,5.118
Turkey,TUR,2009,5.213
Turkey,TUR,2010,5.49
Turkey,TUR,2011,5.272
Turkey,TUR,2012,5.309
Turkey,TUR,2013,4.888
Turkey,TUR,2014,5.58
Turkey,TUR,2015,5.514
Turkey,TUR,2016,5.326
Turkey,TUR,2017,5.607
Turkey,TUR,2018,5.186
Turkey,TUR,2019,4.872
Turkey,TUR,2020,4.862
Turkmenistan,TKM,2009,6.568
Turkmenistan,TKM,2011,5.792
Turkmenistan,TKM,2012,5.464
Turkmenistan,TKM,2013,5.392
Turkmenistan,TKM,2014,5.787
Turkmenistan,TKM,2015,5.791
Turkmenistan,TKM,2016,5.887
Turkmenistan,TKM,2017,5.229
Turkmenistan,TKM,2018,4.621
Turkmenistan,TKM,2019,5.474
Uganda,UGA,2006,3.734
Uganda,UGA,2007,4.456
Uganda,UGA,2008,4.569
Uganda,UGA,2009,4.612
Uganda,UGA,2010,4.193
Uganda,UGA,2011,4.826
Uganda,UGA,2012,4.309
Uganda,UGA,2013,3.71
Uganda,UGA,2014,3.77
Uganda,UGA,2015,4.238
Uganda,UGA,2016,4.233
Uganda,UGA,2017,4.001
Uganda,UGA,2018,4.322
Uganda,UGA,2019,4.948
Uganda,UGA,2020,4.641
Ukraine,UKR,2006,4.804
Ukraine,UKR,2007,5.252
Ukraine,UKR,2008,5.172
Ukraine,UKR,2009,5.166
Ukraine,UKR,2010,5.058
Ukraine,UKR,2011,5.083
Ukraine,UKR,2012,5.03
Ukraine,UKR,2013,4.711
Ukraine,UKR,2014,4.297
Ukraine,UKR,2015,3.965
Ukraine,UKR,2016,4.029
Ukraine,UKR,2017,4.311
Ukraine,UKR,2018,4.662
Ukraine,UKR,2019,4.702
Ukraine,UKR,2020,5.27
United Arab Emirates,ARE,2006,6.734
United Arab Emirates,ARE,2009,6.866
United Arab Emirates,ARE,2010,7.097
United Arab Emirates,ARE,2011,7.119
United Arab Emirates,ARE,2012,7.218
United Arab Emirates,ARE,2013,6.621
United Arab Emirates,ARE,2014,6.54
United Arab Emirates,ARE,2015,6.568
United Arab Emirates,ARE,2016,6.831
United Arab Emirates,ARE,2017,7.039
United Arab Emirates,ARE,2018,6.604
United Arab Emirates,ARE,2019,6.711
United Arab Emirates,ARE,2020,6.458
United Kingdom,GBR,2005,6.984
United Kingdom,GBR,2007,6.802
United Kingdom,GBR,2008,6.986
United Kingdom,GBR,2009,6.907
United Kingdom,GBR,2010,7.029
United Kingdom,GBR,2011,6.869
United Kingdom,GBR,2012,6.881
United Kingdom,GBR,2013,6.918
United Kingdom,GBR,2014,6.758
United Kingdom,GBR,2015,6.515
United Kingdom,GBR,2016,6.824
United Kingdom,GBR,2017,7.103
United Kingdom,GBR,2018,7.233
United Kingdom,GBR,2019,7.157
United Kingdom,GBR,2020,6.798
United States,USA,2006,7.182
United States,USA,2007,7.513
United States,USA,2008,7.28
United States,USA,2009,7.158
United States,USA,2010,7.164
United States,USA,2011,7.115
United States,USA,2012,7.026
United States,USA,2013,7.249
United States,USA,2014,7.151
United States,USA,2015,6.864
United States,USA,2016,6.804
United States,USA,2017,6.992
United States,USA,2018,6.883
United States,USA,2019,6.944
United States,USA,2020,7.028
Uruguay,URY,2006,5.786
Uruguay,URY,2007,5.694
Uruguay,URY,2008,5.664
Uruguay,URY,2009,6.296
Uruguay,URY,2010,6.062
Uruguay,URY,2011,6.554
Uruguay,URY,2012,6.45
Uruguay,URY,2013,6.444
Uruguay,URY,2014,6.561
Uruguay,URY,2015,6.628
Uruguay,URY,2016,6.171
Uruguay,URY,2017,6.336
Uruguay,URY,2018,6.372
Uruguay,URY,2019,6.6
Uruguay,URY,2020,6.31
Uzbekistan,UZB,2006,5.232
Uzbekistan,UZB,2008,5.311
Uzbekistan,UZB,2009,5.261
Uzbekistan,UZB,2010,5.095
Uzbekistan,UZB,2011,5.739
Uzbekistan,UZB,2012,6.019
Uzbekistan,UZB,2013,5.94
Uzbekistan,UZB,2014,6.049
Uzbekistan,UZB,2015,5.972
Uzbekistan,UZB,2016,5.893
Uzbekistan,UZB,2017,6.421
Uzbekistan,UZB,2018,6.205
Uzbekistan,UZB,2019,6.154
Venezuela,VEN,2005,7.17
Venezuela,VEN,2006,6.525
Venezuela,VEN,2008,6.258
Venezuela,VEN,2009,7.189
Venezuela,VEN,2010,7.478
Venezuela,VEN,2011,6.58
Venezuela,VEN,2012,7.067
Venezuela,VEN,2013,6.553
Venezuela,VEN,2014,6.136
Venezuela,VEN,2015,5.569
Venezuela,VEN,2016,4.041
Venezuela,VEN,2017,5.071
Venezuela,VEN,2018,5.006
Venezuela,VEN,2019,5.081
Venezuela,VEN,2020,4.574
Vietnam,VNM,2006,5.294
Vietnam,VNM,2007,5.422
Vietnam,VNM,2008,5.48
Vietnam,VNM,2009,5.304
Vietnam,VNM,2010,5.296
Vietnam,VNM,2011,5.767
Vietnam,VNM,2012,5.535
Vietnam,VNM,2013,5.023
Vietnam,VNM,2014,5.085
Vietnam,VNM,2015,5.076
Vietnam,VNM,2016,5.062
Vietnam,VNM,2017,5.175
Vietnam,VNM,2018,5.296
Vietnam,VNM,2019,5.467
Yemen,YEM,2007,4.477
Yemen,YEM,2009,4.809
Yemen,YEM,2010,4.35
Yemen,YEM,2011,3.746
Yemen,YEM,2012,4.061
Yemen,YEM,2013,4.218
Yemen,YEM,2014,3.968
Yemen,YEM,2015,2.983
Yemen,YEM,2016,3.826
Yemen,YEM,2017,3.254
Yemen,YEM,2018,3.058
Yemen,YEM,2019,4.197
Zambia,ZMB,2006,4.824
Zambia,ZMB,2007,3.998
Zambia,ZMB,2008,4.73
Zambia,ZMB,2009,5.26
Zambia,ZMB,2011,4.999
Zambia,ZMB,2012,5.013
Zambia,ZMB,2013,5.244
Zambia,ZMB,2014,4.346
Zambia,ZMB,2015,4.843
Zambia,ZMB,2016,4.348
Zambia,ZMB,2017,3.933
Zambia,ZMB,2018,4.041
Zambia,ZMB,2019,3.307
Zambia,ZMB,2020,4.838
Zimbabwe,ZWE,2006,3.826
Zimbabwe,ZWE,2007,3.28
Zimbabwe,ZWE,2008,3.174
Zimbabwe,ZWE,2009,4.056
Zimbabwe,ZWE,2010,4.682
Zimbabwe,ZWE,2011,4.846
Zimbabwe,ZWE,2012,4.955
Zimbabwe,ZWE,2013,4.69
Zimbabwe,ZWE,2014,4.184
Zimbabwe,ZWE,2015,3.703
Zimbabwe,ZWE,2016,3.735
Zimbabwe,ZWE,2017,3.638
Zimbabwe,ZWE,2018,3.616
Zimbabwe,ZWE,2019,2.694
Zimbabwe,ZWE,2020,3.16