Series Name,Series Code,Country Name,Country Code,1990 [YR1990],2000 [YR2000],2011 [YR2011],2012 [YR2012],2013 [YR2013],2014 [YR2014],2015 [YR2015],2016 [YR2016],2017 [YR2017],2018 [YR2018],2019 [YR2019],2020 [YR2020]
Individuals using the Internet (% of population),IT.NET.USER.ZS,Afghanistan,AFG,0,..,5,5.454545455,5.9,7,8.26,..,..,..,..,..
Individuals using the Internet (% of population),IT.NET.USER.ZS,Albania,ALB,0,0.114097347,47,49.4,51.8,54.3,56.9,59.6,62.4,65.4,68.55039112,72.23767711
Individuals using the Internet (% of population),IT.NET.USER.ZS,Algeria,DZA,0,0.491705679,14.9,18.2,22.5,29.5,38.2,42.94552688,47.69105515,49.03846808,57.5,..
Individuals using the Internet (% of population),IT.NET.USER.ZS,American Samoa,ASM,0,..,..,..,..,..,..,..,..,..,..,..
Individuals using the Internet (% of population),IT.NET.USER.ZS,Andorra,AND,0,10.53883561,81,..,..,..,..,..,91.56746703,..,..,..
Individuals using the Internet (% of population),IT.NET.USER.ZS,Angola,AGO,0,0.105045562,3.1,6.5,8.9,21.4,29,29,32,35,36,..
Individuals using the Internet (% of population),IT.NET.USER.ZS,Antigua and Barbuda,ATG,0,6.482225737,52,58,63.4,67.78,70,73,..,..,..,..
Individuals using the Internet (% of population),IT.NET.USER.ZS,Argentina,ARG,0,7.038683086,51,55.8,59.9,64.7,68.04306411,70.96898082,74.29490687,..,..,..
Individuals using the Internet (% of population),IT.NET.USER.ZS,Armenia,ARM,0,1.300470022,32,37.5,41.9,54.62280586,59.10083377,64.34602977,64.74488433,68.24505226,66.54394969,..
Individuals using the Internet (% of population),IT.NET.USER.ZS,Aruba,ABW,0,15.44282295,69,74,78.9,83.78,88.66122693,93.54245387,97.17,..,..,..
Individuals using the Internet (% of population),IT.NET.USER.ZS,Australia,AUS,0.585094712,46.75611561,79.48769771,79,83.45349717,84,84.56051491,86.54,86.54504885,..,..,..
Individuals using the Internet (% of population),IT.NET.USER.ZS,Austria,AUT,0.130369377,33.73013295,78.7399931,80.02999392,80.6188,80.99582496,83.94014193,84.32374257,87.93558659,87.47913723,87.75220479,87.52942813
Individuals using the Internet (% of population),IT.NET.USER.ZS,Azerbaijan,AZE,0,0.147757576,50,54.2,73.00000137,75.00001564,77,78.2,79,79.79999549,81.09999907,..
Individuals using the Internet (% of population),IT.NET.USER.ZS,"Bahamas, The",BHS,0,8,65,71.74820281,72,76.92,78,80,85,..,..,..
Individuals using the Internet (% of population),IT.NET.USER.ZS,Bahrain,BHR,0,6.153732546,76.9999665,88,90.0000397,90.50313348,93.4783008,97.9999807,95.87813575,98.64467258,99.70149256,99.53951246
Individuals using the Internet (% of population),IT.NET.USER.ZS,Bangladesh,BGD,0,0.071039423,4.5,5,6.63,7.4,8.3,9.2,10.3,11.5,12.9,..
Individuals using the Internet (% of population),IT.NET.USER.ZS,Barbados,BRB,0,3.973678355,66.5,71.2,71.8,75.16,76.11,79.54939789,81.76077839,..,..,..
Individuals using the Internet (% of population),IT.NET.USER.ZS,Belarus,BLR,0,1.860398126,39.64889566,46.91,54.17,59.02,62.23036091,71.11304576,74.43644541,79.12988669,82.78915209,85.08791245
Individuals using the Internet (% of population),IT.NET.USER.ZS,Belgium,BEL,0.00100674,29.43169169,81.609996,80.71999055,82.1702,85,85.05294175,86.51647666,87.67968082,88.647343,90.27542981,91.52423735
Individuals using the Internet (% of population),IT.NET.USER.ZS,Belize,BLZ,0,5.963835303,30.7,31,33.6,38.7,41.59,44.57574032,47.0826258,..,..,..
Individuals using the Internet (% of population),IT.NET.USER.ZS,Benin,BEN,0,0.225247851,4.148323066,4.5,4.9,6,11.25498791,11.99,13.3,26,29,..
Individuals using the Internet (% of population),IT.NET.USER.ZS,Bermuda,BMU,0,42.94986002,88.336,91.29930452,95.3,96.8,98.32360965,98,98.37,..,..,..
Individuals using the Internet (% of population),IT.NET.USER.ZS,Bhutan,BTN,0,0.400944447,14.4,15.6,22.4,30.3,39.8,41.77264453,..,..,..,..
Individuals using the Internet (% of population),IT.NET.USER.ZS,Bolivia,BOL,0,1.442763585,30,35.34,36.99,34.6,37.49,39.6975146,43.83227607,44.2861422,47.47481911,55.13905053
Individuals using the Internet (% of population),IT.NET.USER.ZS,Bosnia and Herzegovina,BIH,0,1.08296075,43.88768653,45.06450043,48.52131417,49.91773243,52.6,60.25653543,64.89202051,70.12013504,69.94634763,73.21175294
Individuals using the Internet (% of population),IT.NET.USER.ZS,Botswana,BWA,0,2.902666622,9,16,30,36.74474744,37.31205037,39.36299738,41.41379464,58,61,..
Individuals using the Internet (% of population),IT.NET.USER.ZS,Brazil,BRA,0,2.870685159,45.69,48.56,51.04,54.55100188,58.32795173,60.87254007,67.47128452,70.43428254,73.91244005,..
Individuals using the Internet (% of population),IT.NET.USER.ZS,British Virgin Islands,VGB,0,..,37.4,37.6,..,..,..,77.70142968,77.70426829,..,..,..
Individuals using the Internet (% of population),IT.NET.USER.ZS,Brunei Darussalam,BRN,0,8.996284534,56,60.27306504,64.5,68.77,71.2,90,94.86669164,95,95,..
Individuals using the Internet (% of population),IT.NET.USER.ZS,Bulgaria,BGR,0,5.370923469,47.97999305,51.89998767,53.0615,55.49,56.65625161,59.82554766,63.41010138,64.78201069,67.94698094,70.16248359
Individuals using the Internet (% of population),IT.NET.USER.ZS,Burkina Faso,BFA,0,0.077080169,3,3.725034916,5,6,7,9,12,14,18,..
Individuals using the Internet (% of population),IT.NET.USER.ZS,Burundi,BDI,0,0.077248447,1.11,1.219999945,1.264218111,1.4,2.1,2.4,2.660748535,5,5.2,..
Individuals using the Internet (% of population),IT.NET.USER.ZS,Cabo Verde,CPV,0,1.822443852,32,34.74,37.5,40.26,42.68301416,50.32281787,57.16214635,59.5,61.94339776,..
Individuals using the Internet (% of population),IT.NET.USER.ZS,Cambodia,KHM,0,0.04702264,3.1,4.94,6,14,18,32.39845171,32.90027854,65.00000218,78.27288351,78.80000044
Individuals using the Internet (% of population),IT.NET.USER.ZS,Cameroon,CMR,0,0.252120078,5,7.5,10,16.21487223,18.3,20.6,23.20297197,29.7,33.5,..
Individuals using the Internet (% of population),IT.NET.USER.ZS,Canada,CAN,0.360999701,51.3,83,83,85.8,87.12,90,91.16,92.70137191,94.64,96.5,..
Individuals using the Internet (% of population),IT.NET.USER.ZS,Cayman Islands,CYM,0,..,69.46594499,69.7,71.4,74.1,77,79,81.06769325,..,..,..
Individuals using the Internet (% of population),IT.NET.USER.ZS,Central African Republic,CAF,0,0.053394174,2.2,3,3.4,3.6,3.8,4,..,..,..,..
Individuals using the Internet (% of population),IT.NET.USER.ZS,Chad,TCD,0,0.035707076,1.9,2.1,2.5,2.9,3.5,5,6.49999812,8,9.8,10.4
Individuals using the Internet (% of population),IT.NET.USER.ZS,Channel Islands,CHI,..,..,..,..,..,..,..,..,..,..,..,..
Individuals using the Internet (% of population),IT.NET.USER.ZS,Chile,CHL,0,16.6,52.24960729,55.05,58,61.11,76.62959195,83.55858602,82.32748693,..,..,..
Individuals using the Internet (% of population),IT.NET.USER.ZS,China,CHN,0,1.775913207,38.3,42.30011749,45.8,47.9,50.3,53.2,54.3,59.2,64.56912253,70.64214286
Individuals using the Internet (% of population),IT.NET.USER.ZS,Colombia,COL,0,2.207532993,40.35091575,48.98,51.7,52.57,55.90497251,58.13649357,62.25988032,64.12637682,65.00690072,..
Individuals using the Internet (% of population),IT.NET.USER.ZS,Comoros,COM,0,0.271740607,5.5,5.975296308,6.5,6.98,7.459161386,7.938322771,8.478170295,..,..,..
Individuals using the Internet (% of population),IT.NET.USER.ZS,"Congo, Dem. Rep.",COD,0,0.005902114,1.2,1.679961015,2.2,3,3.799999507,6.20997406,8.619904916,11.7,12.5,..
Individuals using the Internet (% of population),IT.NET.USER.ZS,"Congo, Rep.",COG,0,0.026354732,5.6,6.106695024,6.6,7.11,7.615974662,8.121949323,8.65,..,..,..
Individuals using the Internet (% of population),IT.NET.USER.ZS,Costa Rica,CRI,0,5.800253023,39.212196,47.5,45.96,53,59.76295014,65.88044919,71.58166462,73.47972844,81.20259644,80.53018608
Individuals using the Internet (% of population),IT.NET.USER.ZS,Cote d'Ivoire,CIV,0,0.231461671,2.9,5,12,19.2742298,38.44000017,41.20781493,43.83992085,37.54653613,36.28895457,..
Individuals using the Internet (% of population),IT.NET.USER.ZS,Croatia,HRV,0,6.644882544,57.78997899,61.93997315,66.7476,68.57,69.84503592,72.69726967,67.09619204,75.29462599,79.07978368,78.32093274
Individuals using the Internet (% of population),IT.NET.USER.ZS,Cuba,CUB,0,0.541182549,16.0172908,21.2,27.93,29.07018437,37.30509742,42.97867519,57.14840432,62.67892362,67.97080866,..
Individuals using the Internet (% of population),IT.NET.USER.ZS,Curacao,CUW,..,..,..,..,..,..,..,61.85551074,68.12721625,..,..,..
Individuals using the Internet (% of population),IT.NET.USER.ZS,Cyprus,CYP,0,15.25539437,56.85989235,60.6898684,65.4548,69.33,71.71574092,75.9002054,80.74318897,84.43358252,86.06362996,90.80209879
Individuals using the Internet (% of population),IT.NET.USER.ZS,Czech Republic,CZE,0,9.780527888,70.49,73.43000782,74.1104,74.23171164,75.6688387,76.4811987,78.71917285,80.68816754,80.86694441,81.33889705
Individuals using the Internet (% of population),IT.NET.USER.ZS,Denmark,DNK,0.097277268,39.17243086,89.81001339,92.26001172,94.6297,95.99,96.33050162,96.96778525,97.09936216,97.31920437,98.04643475,96.54914573
Individuals using the Internet (% of population),IT.NET.USER.ZS,Djibouti,DJI,0,0.194500528,7,9.4,12.7,17,22.9,30.8,55.68140925,58,59,..
Individuals using the Internet (% of population),IT.NET.USER.ZS,Dominica,DMA,0,8.814844198,48.6,49.8,51,57.5,65,67.03,69.61966879,..,..,..
Individuals using the Internet (% of population),IT.NET.USER.ZS,Dominican Republic,DOM,0,3.704692356,38,42.32,45.9,49.58,54.21576634,63.87086474,67.57124533,74.82204836,75.8,..
Individuals using the Internet (% of population),IT.NET.USER.ZS,Ecuador,ECU,0,1.462188536,31.36680836,35.13514645,40.27912194,45.59039067,48.94043379,54.06292473,..,..,..,..
Individuals using the Internet (% of population),IT.NET.USER.ZS,"Egypt, Arab Rep.",EGY,0,0.641265038,25.6,26.4,29.4,33.89460391,37.81938343,41.24806709,44.95020425,46.92433677,57.2828664,71.9142004
Individuals using the Internet (% of population),IT.NET.USER.ZS,El Salvador,SLV,0,1.177397269,18.9,20.32138772,23.1093,24.76171215,26.80260496,28.99707305,33.8207289,43.8,50.49119319,..
Individuals using the Internet (% of population),IT.NET.USER.ZS,Equatorial Guinea,GNQ,0,0.132354665,11.5,13.94318219,16.4,18.86,..,..,..,..,..,..
Individuals using the Internet (% of population),IT.NET.USER.ZS,Eritrea,ERI,0,0.136711941,0.7,0.8,0.9,0.99,1.083733116,1.17711872,1.30890698,..,..,..
Individuals using the Internet (% of population),IT.NET.USER.ZS,Estonia,EST,0,28.57695381,76.5,78.38992593,80.0043,84.24152803,88.4097035,87.24023275,88.10245687,89.35700777,90.2289282,89.05828666
Individuals using the Internet (% of population),IT.NET.USER.ZS,Eswatini,SWZ,0,0.926191777,18.13,20.78178258,24.7,25,25.64304231,..,..,..,..,..
Individuals using the Internet (% of population),IT.NET.USER.ZS,Ethiopia,ETH,0,0.015263767,1.1,2.9,4.6,7.7,13.85517556,15.36692386,18.61805145,22,25,..
Individuals using the Internet (% of population),IT.NET.USER.ZS,Faroe Islands,FRO,0,32.91639236,80.7321728,85.33518924,90,93.3,94.2,95.10868167,97.58195894,..,..,..
Individuals using the Internet (% of population),IT.NET.USER.ZS,Fiji,FJI,0,1.496854734,28,33.74235675,35.2,37.4,42.5,46.50697831,49.96637301,..,..,..
Individuals using the Internet (% of population),IT.NET.USER.ZS,Finland,FIN,0.40108767,37.24846174,88.70999491,89.87999797,91.5144,86.53039275,86.42213333,87.70364996,87.46892907,88.88996,89.60738511,92.17027106
Individuals using the Internet (% of population),IT.NET.USER.ZS,France,FRA,0.052777862,14.30792394,77.81999899,81.44,81.9198,83.75,78.00603771,79.26981132,80.50245972,82.04318678,83.33974409,..
Individuals using the Internet (% of population),IT.NET.USER.ZS,French Polynesia,PYF,0,6.357063545,49,52.87663059,56.8,60.68,64.56020975,68.44041949,72.70389531,..,..,..
Individuals using the Internet (% of population),IT.NET.USER.ZS,Gabon,GAB,0,1.216140618,18,24,30.53803344,38.07120929,45.78453653,48.05227375,50.32012015,59.6,61,..
Individuals using the Internet (% of population),IT.NET.USER.ZS,"Gambia, The",GMB,0,0.921794919,10.8703,12.44922872,14,15.56,19.7,25,32,40,51,..
Individuals using the Internet (% of population),IT.NET.USER.ZS,Georgia,GEO,0,0.484746299,31.52,36.94,43.3,44,47.56975964,58.45928961,59.7055046,62.7179082,68.84670565,72.53158414
Individuals using the Internet (% of population),IT.NET.USER.ZS,Germany,DEU,0.125892223,30.2163466,81.26999954,82.34999847,84.17,86.19,87.58979935,84.16520664,84.3941537,87.03711209,88.13451691,89.81294133
Individuals using the Internet (% of population),IT.NET.USER.ZS,Ghana,GHA,0,0.153615298,9,10.6,15,19,23,28,37.88415262,43,53,..
Individuals using the Internet (% of population),IT.NET.USER.ZS,Gibraltar,GIB,0,19.13163812,65,65.017,..,..,..,94.44447158,..,..,..,..
Individuals using the Internet (% of population),IT.NET.USER.ZS,Greece,GRC,0,9.138837308,51.64999517,55.06999344,59.8663,63.21,66.83495949,69.08791547,69.89297065,72.23837339,75.67120669,78.11584474
Individuals using the Internet (% of population),IT.NET.USER.ZS,Greenland,GRL,0,31.74781123,64,64.8960101,65.8,66.7,67.60044348,68.50087368,69.48246178,..,..,..
Individuals using the Internet (% of population),IT.NET.USER.ZS,Grenada,GRD,0,4.063907991,30,32,35,51.6,53.81,55.85640782,59.07173536,..,..,..
Individuals using the Internet (% of population),IT.NET.USER.ZS,Guam,GUM,0,16.11312704,57.7,61.53415931,65.4,69.27,73.13999995,77.00999989,80.50546556,..,..,..
Individuals using the Internet (% of population),IT.NET.USER.ZS,Guatemala,GTM,0,0.712332905,12.3,16,19.7,23.4,28.80594156,34.50932609,40.70304908,..,44.40104984,..
Individuals using the Internet (% of population),IT.NET.USER.ZS,Guinea,GIN,0,0.095424924,2,3.1,4.5,6.4,8.2,9.8,11.40002077,21.83002304,23,..
Individuals using the Internet (% of population),IT.NET.USER.ZS,Guinea-Bissau,GNB,0,0.230103171,2.672,2.893990621,3.1,3.32,..,17,18,22,28,..
Individuals using the Internet (% of population),IT.NET.USER.ZS,Guyana,GUY,0,6.611491566,30,30.5,31,32,34,35.66,37.32583679,..,..,..
Individuals using the Internet (% of population),IT.NET.USER.ZS,Haiti,HTI,0,0.231270715,9,9.8,10.6,11.4,12.1977,12.23260161,31,32.47362713,32.5,..
Individuals using the Internet (% of population),IT.NET.USER.ZS,Honduras,HND,0,1.203855999,15.9,18.12,17.8,19.08,27.1,29.5,32.13636364,..,..,..
Individuals using the Internet (% of population),IT.NET.USER.ZS,"Hong Kong SAR, China",HKG,0,27.82776068,72.2,72.9,74.2,79.86627043,84.94835296,87.47941467,89.41594465,90.50739533,91.74340039,92.41313602
Individuals using the Internet (% of population),IT.NET.USER.ZS,Hungary,HUN,0,6.999676351,68.01998789,70.57999815,72.6439,75.65319745,72.83473703,79.25941213,76.75054712,76.07436064,80.37169361,84.77115202
Individuals using the Internet (% of population),IT.NET.USER.ZS,Iceland,ISL,0,44.47053382,94.8196868,96.20979955,96.5468,98.16,98.2,98.2400163,98.25520119,99.01095399,99,..
Individuals using the Internet (% of population),IT.NET.USER.ZS,India,IND,0,0.52753245,10.07,11.1,12.3,13.5,14.9,16.5,18.2,20.08130004,41,..
Individuals using the Internet (% of population),IT.NET.USER.ZS,Indonesia,IDN,0,0.925563864,12.28,14.52,14.94,17.14,22.0627426,25.4473537,32.33580625,39.90463864,47.69064898,53.72649449
Individuals using the Internet (% of population),IT.NET.USER.ZS,"Iran, Islamic Rep.",IRN,0,0.93419002,19,22.73,29.95,39.35,45.33497615,53.22677167,64.04397362,70.200565,77.77083846,84.11087002
Individuals using the Internet (% of population),IT.NET.USER.ZS,Iraq,IRQ,0,..,5,7.1,9.2,13.21,16.8,36.7,49.35999889,..,..,..
Individuals using the Internet (% of population),IT.NET.USER.ZS,Ireland,IRL,0,17.85046724,74.88997297,76.91999254,78.2477,83.49172234,83.49479167,83.5,84.11400706,87.00014011,87.00005524,91.99989097
Individuals using the Internet (% of population),IT.NET.USER.ZS,Isle of Man,IMN,..,..,..,..,..,..,..,..,..,..,..,..
Individuals using the Internet (% of population),IT.NET.USER.ZS,Israel,ISR,0.110773866,20.87379,68.87387799,70.8,70.25031195,75.01775316,77.35208966,79.65312418,81.58118359,83.73315696,86.78787762,..
Individuals using the Internet (% of population),IT.NET.USER.ZS,Italy,ITA,0.017544562,23.11087424,54.3899983,55.82999799,58.4593,55.63846022,58.14173496,61.32425277,63.077347,74.38718292,76.1,..
Individuals using the Internet (% of population),IT.NET.USER.ZS,Jamaica,JAM,0,3.115778027,37.43861341,33.79,37.1,40.4027351,42.22122119,44.36685637,55.07206705,68.21451709,..,..
Individuals using the Internet (% of population),IT.NET.USER.ZS,Japan,JPN,0.020293683,29.99074036,79.05411352,79.4964,88.21942891,89.10683302,91.05802839,93.18272128,91.72654724,91.28,92.73039781,..
Individuals using the Internet (% of population),IT.NET.USER.ZS,Jordan,JOR,0,2.623275422,34.9,37,41.4,46.2,60.11438269,62.30219257,66.79031443,..,..,..
Individuals using the Internet (% of population),IT.NET.USER.ZS,Kazakhstan,KAZ,0,0.668594403,50.6,61.90662747,63.30422443,66,70.8299336,74.58772647,76.42674823,78.90391906,81.87762047,85.94259898
Individuals using the Internet (% of population),IT.NET.USER.ZS,Kenya,KEN,0,0.318059714,8.8,10.5,13,16.5,16.58785485,16.6,17.82710021,19.5,22.56511937,..
Individuals using the Internet (% of population),IT.NET.USER.ZS,Kiribati,KIR,0,1.785225474,10,10.74679768,11.5,12.25,12.99748389,13.7,14.58181818,..,..,..
Individuals using the Internet (% of population),IT.NET.USER.ZS,"Korea, Dem. People's Rep.",PRK,0,0,0,0,0,..,..,..,..,..,..,..
Individuals using the Internet (% of population),IT.NET.USER.ZS,"Korea, Rep.",KOR,0.023265092,44.7,83.75912015,84.07,84.77,87.55682649,89.8962558,92.84302568,95.06942188,96.02285958,96.15757918,96.50506035
Individuals using the Internet (% of population),IT.NET.USER.ZS,Kosovo,XKX,..,..,..,..,..,..,..,..,83.89359681,89.44303197,..,..
Individuals using the Internet (% of population),IT.NET.USER.ZS,Kuwait,KWT,0,6.731395768,65.76907069,70.45,75.46,78.7,78,78.36738376,97.99998933,99.59884959,99.54267645,98.59999513
Individuals using the Internet (% of population),IT.NET.USER.ZS,Kyrgyz Republic,KGZ,0,1.041401145,17.5,19.8,23,28.3,30.24704278,37,38.19903776,..,..,..
Individuals using the Internet (% of population),IT.NET.USER.ZS,Lao PDR,LAO,0,0.111044032,9,10.74767619,12.5,14.26,18.2,21.87,25.51043508,..,..,..
Individuals using the Internet (% of population),IT.NET.USER.ZS,Latvia,LVA,0,6.319062083,69.74995456,73.11994377,75.2344,75.83,79.20058292,79.84209778,80.114077,83.57717486,86.13545644,88.89796078
Individuals using the Internet (% of population),IT.NET.USER.ZS,Lebanon,LBN,0,7.952743736,52,61.24978572,70.5,73,74,76.11,78.18077489,..,..,..
Individuals using the Internet (% of population),IT.NET.USER.ZS,Lesotho,LSO,0,0.21180607,7,10,15,22,25,32.45385695,39,40.8,42.30173357,..
Individuals using the Internet (% of population),IT.NET.USER.ZS,Liberia,LBR,0,0.017702706,2.5,2.6,3.2,5.41,10,15.7,16.3,18.9,22,..
Individuals using the Internet (% of population),IT.NET.USER.ZS,Libya,LBY,0,0.187042622,14,..,16.5,17.76,19.01607978,20.27215956,21.75892062,..,..,..
Individuals using the Internet (% of population),IT.NET.USER.ZS,Liechtenstein,LIE,0,36.51522989,85,89.4077,93.8,95.21,96.6411951,98.09390389,99.54661245,..,..,..
Individuals using the Internet (% of population),IT.NET.USER.ZS,Lithuania,LTU,0,6.427067495,63.6399774,67.22998933,68.4529,72.13,71.37805901,74.37664556,77.61525651,79.72258277,81.58186838,83.0555907
Individuals using the Internet (% of population),IT.NET.USER.ZS,Luxembourg,LUX,0,22.88732797,90.02985856,91.94992374,93.7765,94.67,96.37671417,98.13669867,97.36296032,97.06129871,97.12063569,98.82242384
Individuals using the Internet (% of population),IT.NET.USER.ZS,"Macao SAR, China",MAC,0,13.60858974,60.20369672,61.31,65.8,69.78,77.60013186,81.64298546,83.17408907,83.79408961,86.46792571,..
Individuals using the Internet (% of population),IT.NET.USER.ZS,Madagascar,MDG,0,0.196394691,1.9,2.3,3,3.7,4.17397219,4.713662899,..,15,..,..
Individuals using the Internet (% of population),IT.NET.USER.ZS,Malawi,MWI,0,0.126780945,3.33,4.3506,5.05,5.83,7.6,8,13.78216439,13.9,15.5,..
Individuals using the Internet (% of population),IT.NET.USER.ZS,Malaysia,MYS,0,21.38473116,61,65.8,57.05751226,63.66542588,71.06406781,78.78830993,80.14047901,81.20104862,84.18714501,89.55501192
Individuals using the Internet (% of population),IT.NET.USER.ZS,Maldives,MDV,0,2.203872939,34,38.9301,44.1,49.28,54.46195515,59.09258997,63.18566588,..,..,..
Individuals using the Internet (% of population),IT.NET.USER.ZS,Mali,MLI,0,0.142545755,2.2,2.8,3.5,7,10.33,11.11218649,15.6,23,26,..
Individuals using the Internet (% of population),IT.NET.USER.ZS,Malta,MLT,0,13.11370871,68.01982379,68.19987429,68.9138,73.17,75.96001898,78.0751488,81.01191108,81.65804429,85.77856081,86.85876183
Individuals using the Internet (% of population),IT.NET.USER.ZS,Marshall Islands,MHL,0,1.534271796,10,12.5,14,16.8,19.2824418,29.78777936,38.70116262,..,..,..
Individuals using the Internet (% of population),IT.NET.USER.ZS,Mauritania,MRT,0,0.192031462,4.5,5,6.2,10.7,15.19912669,18,20.80096366,..,..,..
Individuals using the Internet (% of population),IT.NET.USER.ZS,Mauritius,MUS,0,7.281535115,34.95,35.42,40.11682514,44.80327537,50.13931848,52.19132594,55.4032403,58.5961697,61.72995515,64.88490358
Individuals using the Internet (% of population),IT.NET.USER.ZS,Mexico,MEX,0,5.081384153,37.17629541,39.75,43.46,44.39,57.43104299,59.540446,63.85224909,65.77263448,70.06991047,71.97
Individuals using the Internet (% of population),IT.NET.USER.ZS,"Micronesia, Fed. Sts.",FSM,0,3.734862137,22.8,25.974423,27.8,29.65,31.50108128,33.35216255,35.30405287,..,..,..
Individuals using the Internet (% of population),IT.NET.USER.ZS,Moldova,MDA,0,1.282846417,38,43.37,60,67,69.00000447,70.99999911,76.12451989,..,..,..
Individuals using the Internet (% of population),IT.NET.USER.ZS,Monaco,MCO,0,42.18486345,80.3,87,90.7,92.4,93.36330202,95.20817797,97.05297684,..,..,..
Individuals using the Internet (% of population),IT.NET.USER.ZS,Mongolia,MNG,0,1.255652004,12.49999111,16.4,17.69998424,19.94244743,22.50000413,22.2657705,23.71426517,47.13000188,51.07999408,62.50002848
Individuals using the Internet (% of population),IT.NET.USER.ZS,Montenegro,MNE,..,..,35.61154125,56.83878255,60.31,61,68.11978601,69.88164684,71.27233254,71.51710049,73.47666575,81.36996541
Individuals using the Internet (% of population),IT.NET.USER.ZS,Morocco,MAR,0,0.693791245,46.1074826,55.41605319,56,56.8,57.07999935,58.27123642,61.76221201,64.80386519,74.37631447,84.12036305
Individuals using the Internet (% of population),IT.NET.USER.ZS,Mozambique,MOZ,0,0.10959253,4.6,5,5.5,6,6.5,7,7.8,10.4,15.1,..
Individuals using the Internet (% of population),IT.NET.USER.ZS,Myanmar,MMR,0,..,0.98,4,8,11.52,..,..,23.62108195,..,..,..
Individuals using the Internet (% of population),IT.NET.USER.ZS,Namibia,NAM,0,1.644739547,12,12.9414,13.9,14.84,25.68785182,31.03334594,36.83740647,40,40.5,..
Individuals using the Internet (% of population),IT.NET.USER.ZS,Nauru,NRU,0,..,54,..,..,..,..,..,62.38512451,..,..,..
Individuals using the Internet (% of population),IT.NET.USER.ZS,Nepal,NPL,0,0.204651684,9,11.1493,13.3,15.44,17.58161801,19.68876384,21.40351043,..,..,..
Individuals using the Internet (% of population),IT.NET.USER.ZS,Netherlands,NLD,0.334386942,43.98435137,91.41999576,92.85999236,93.9564,91.666666,91.72413793,90.4109589,93.19727891,91.89189189,93.2885906,91.33333333
Individuals using the Internet (% of population),IT.NET.USER.ZS,New Caledonia,NCL,0,13.93954882,50,58,66,70,74.00175279,..,82.0058408,..,..,..
Individuals using the Internet (% of population),IT.NET.USER.ZS,New Zealand,NZL,0,47.37955654,81.23,81.64447018,82.78,85.5,88.22288882,88.47018635,90.81109307,..,..,..
Individuals using the Internet (% of population),IT.NET.USER.ZS,Nicaragua,NIC,0,0.980216487,10.6,13.5,15.5,17.6,19.7042915,24.57183396,27.86304001,..,..,..
Individuals using the Internet (% of population),IT.NET.USER.ZS,Niger,NER,0,0.036261294,0.9,1.05,1.15,1.248675689,2.476219975,4.32275803,10.22431156,..,..,..
Individuals using the Internet (% of population),IT.NET.USER.ZS,Nigeria,NGA,0,0.064080808,13.8,16.1,19.1,21,24.5,25.67,28,31.9,33.6,..
Individuals using the Internet (% of population),IT.NET.USER.ZS,North Macedonia,MKD,0,2.485566316,56.7,57.44994731,65.24,68.06,70.38020308,72.15681447,74.51682418,79.16775519,81.41288276,81.40553811
Individuals using the Internet (% of population),IT.NET.USER.ZS,Northern Mariana Islands,MNP,0,..,..,..,..,..,..,..,..,..,..,..
Individuals using the Internet (% of population),IT.NET.USER.ZS,Norway,NOR,0.707299448,52,93.48998265,94.64997805,95.0534,96.3,96.81032569,97.29820367,96.3576013,96.49165799,98.00000439,97.00000121
Individuals using the Internet (% of population),IT.NET.USER.ZS,Oman,OMN,0,3.520421417,48,60,66.45,70.22,73.53,76.84539047,80.18563573,85.5,90.3,95.23229327
Individuals using the Internet (% of population),IT.NET.USER.ZS,Pakistan,PAK,0,..,8,8.1,9,10,11,12.38544676,13.78,15.34,17.07090203,..
Individuals using the Internet (% of population),IT.NET.USER.ZS,Palau,PLW,0,..,..,..,..,..,..,..,..,..,..,..
Individuals using the Internet (% of population),IT.NET.USER.ZS,Panama,PAN,0,6.554796477,42.7,40.30189522,44.03,44.92,51.20542499,54,59.9506309,61.80553132,63.62841477,..
Individuals using the Internet (% of population),IT.NET.USER.ZS,Papua New Guinea,PNG,0,0.835249302,2,3.5,5.1,6.5,7.9,9.601538462,11.20919659,..,..,..
Individuals using the Internet (% of population),IT.NET.USER.ZS,Paraguay,PRY,0,0.747630712,24.76351588,29.34,36.9,43,49.71630466,53.40412748,61.07575622,64.99354302,68.51762842,74.51524041
Individuals using the Internet (% of population),IT.NET.USER.ZS,Peru,PER,0,3.076430611,36.01,38.2,39.2,40.2,40.85260091,45.46174069,50.45041218,55.05433424,59.95050106,65.25179879
Individuals using the Internet (% of population),IT.NET.USER.ZS,Philippines,PHL,0,1.982253196,29,36.2351,48.09902359,..,..,..,..,..,46.88,..
Individuals using the Internet (% of population),IT.NET.USER.ZS,Poland,POL,0,7.285428708,61.94999897,62.30999727,62.8492,66.6,67.99698716,73.3007041,75.98536595,77.54173454,80.43590724,86.83692746
Individuals using the Internet (% of population),IT.NET.USER.ZS,Portugal,PRT,0,16.43046769,55.24999688,60.33999749,62.0956,64.59,68.63286148,70.42356709,73.79121395,74.66096815,75.34637155,78.26165705
Individuals using the Internet (% of population),IT.NET.USER.ZS,Puerto Rico,PRI,0,10.47464821,48,68.9999826,68.99999,..,63.46633538,68.6438072,68.74077314,70.85639974,77.73643937,..
Individuals using the Internet (% of population),IT.NET.USER.ZS,Qatar,QAT,0,4.863679179,69,69.3,85.3,91.49,92.88482645,95.12466217,97.38884917,99.65284913,99.65280421,99.65279354
Individuals using the Internet (% of population),IT.NET.USER.ZS,Romania,ROU,0,3.613717291,40.00999678,45.87999425,49.7645,54.08,55.76315563,59.50395129,63.74728218,70.68127793,73.65747575,78.45526895
Individuals using the Internet (% of population),IT.NET.USER.ZS,Russian Federation,RUS,0,1.977230109,49,63.8,67.97,70.52,70.09924123,73.09143462,76.00813853,80.86472187,82.64216156,84.99466978
Individuals using the Internet (% of population),IT.NET.USER.ZS,Rwanda,RWA,0,0.06283146,7,8.023854277,9,10.6,18,20,21.76763262,25,26,..
Individuals using the Internet (% of population),IT.NET.USER.ZS,Samoa,WSM,0,0.566392533,11,12.92249,15.3,21.2,25.40700977,29.41173011,33.61093932,..,..,..
Individuals using the Internet (% of population),IT.NET.USER.ZS,San Marino,SMR,0,48.79949531,49.6,..,..,..,..,..,60.18230126,..,..,..
Individuals using the Internet (% of population),IT.NET.USER.ZS,Sao Tome and Principe,STP,0,4.638516816,20.1612,21.5724,23,24.41,25.82,28,29.9312292,31.9,32,..
Individuals using the Internet (% of population),IT.NET.USER.ZS,Saudi Arabia,SAU,0,2.210691809,47.5,54,60.5,64.71365737,69.6162358,74.87927469,94.17559961,93.31000185,95.7247356,97.8623325
Individuals using the Internet (% of population),IT.NET.USER.ZS,Senegal,SEN,0,0.403967486,9.8,10.8,13.1,17.7,21.7,25.66476804,29.64312367,35.3,39.5,..
Individuals using the Internet (% of population),IT.NET.USER.ZS,Serbia,SRB,..,..,42.2,48.1,53.45036418,62.07508046,65.3170254,67.05684137,70.33083553,73.36070915,77.41677362,78.36804864
Individuals using the Internet (% of population),IT.NET.USER.ZS,Seychelles,SYC,0,7.395629183,43.16400446,47.076,50.4,51.25470199,54.25961786,56.51470815,58.76981124,70.1,75,79
Individuals using the Internet (% of population),IT.NET.USER.ZS,Sierra Leone,SLE,0,0.118254246,0.9,2.5,4,6.057298984,6.344421603,11.77318438,13.23693043,15.8,16.8,..
Individuals using the Internet (% of population),IT.NET.USER.ZS,Singapore,SGP,0,36,71,72,80.90205685,79.02923586,79.012957,84.45226789,84.45226789,88.16563603,88.94925269,75.87596245
Individuals using the Internet (% of population),IT.NET.USER.ZS,Sint Maarten (Dutch part),SXM,..,..,..,..,..,..,..,..,..,..,..,..
Individuals using the Internet (% of population),IT.NET.USER.ZS,Slovak Republic,SVK,0,9.426803201,74.43999717,76.70999012,77.8826,79.98,77.63468203,80.47585728,81.62566752,80.44892248,82.8536605,89.92090413
Individuals using the Internet (% of population),IT.NET.USER.ZS,Slovenia,SVN,0,15.11025956,67.33999481,68.34997453,72.6756,71.59,73.09865997,75.49850426,78.88542636,79.7499766,83.1083578,86.60130109
Individuals using the Internet (% of population),IT.NET.USER.ZS,Solomon Islands,SLB,0,0.481296806,6,6.9974,8,9,10.00046498,11.00090227,11.92422906,..,..,..
Individuals using the Internet (% of population),IT.NET.USER.ZS,Somalia,SOM,0,0.02,1.25,1.3767,1.5,1.63,1.76,1.88,2.004048698,..,..,..
Individuals using the Internet (% of population),IT.NET.USER.ZS,South Africa,ZAF,0,5.348559732,33.97,41,46.5,49,51.91911572,54,56.16739447,62.4,68.2,..
Individuals using the Internet (% of population),IT.NET.USER.ZS,South Sudan,SSD,..,..,..,..,3.829969245,4.51615373,5.5,6.679728051,7.977428907,..,..,..
Individuals using the Internet (% of population),IT.NET.USER.ZS,Spain,ESP,0.012873564,13.62496081,67.08999939,69.80999994,71.635,76.19,78.68963187,80.56133294,84.6022457,86.10723553,90.71866533,93.20564609
Individuals using the Internet (% of population),IT.NET.USER.ZS,Sri Lanka,LKA,0,0.647410011,..,..,..,10.5,12.1,15.1,21.3,26,29,35
Individuals using the Internet (% of population),IT.NET.USER.ZS,St. Kitts and Nevis,KNA,0,5.86281024,63.2,64,64.6,68,75.7,76.81767491,80.71019081,..,..,..
Individuals using the Internet (% of population),IT.NET.USER.ZS,St. Lucia,LCA,0,5.090483341,34,34.82,36,39.7,42.53093047,46.72907806,50.81524478,..,..,..
Individuals using the Internet (% of population),IT.NET.USER.ZS,St. Martin (French part),MAF,..,..,..,..,..,..,..,..,..,..,..,..
Individuals using the Internet (% of population),IT.NET.USER.ZS,St. Vincent and the Grenadines,VCT,0,3.245037411,36.7,40,43.5,47.4,51.77,55.57,65.56,..,..,..
Individuals using the Internet (% of population),IT.NET.USER.ZS,Sudan,SDN,0,0.025785032,17.46,..,..,..,..,14.09999994,..,..,25.4,..
Individuals using the Internet (% of population),IT.NET.USER.ZS,Suriname,SUR,0,2.506411052,32,34.6812,37.4,40.08,42.76382778,45.4,48.94517397,..,..,..
Individuals using the Internet (% of population),IT.NET.USER.ZS,Sweden,SWE,0.584192066,45.68765221,92.76998606,93.17998801,94.7836,92.52,90.61019664,89.65094761,93.00626697,89.24696316,94.49344341,94.53943122
Individuals using the Internet (% of population),IT.NET.USER.ZS,Switzerland,CHE,0.595714223,47.1,85.19302818,85.2,86.34,87.4,87.4790556,89.13468774,89.68614767,91.8,93.14608695,..
Individuals using the Internet (% of population),IT.NET.USER.ZS,Syrian Arab Republic,SYR,0,0.18169858,22.5,24.3001,26.2,28.09,29.97979724,31.86962727,34.25340193,..,..,..
Individuals using the Internet (% of population),IT.NET.USER.ZS,Tajikistan,TJK,0,0.048599595,13.03,14.51,16,17.49,18.98,20.47,21.96,..,..,..
Individuals using the Internet (% of population),IT.NET.USER.ZS,Tanzania,TZA,0,0.11719444,3.2,3.95,4.4,7,10,13.50423285,15.99999943,19,20,..
Individuals using the Internet (% of population),IT.NET.USER.ZS,Thailand,THA,0,3.689041279,23.66992562,26.46,28.94,34.89,39.31612674,47.50496562,52.89192934,56.81748093,66.65241946,77.8437476
Individuals using the Internet (% of population),IT.NET.USER.ZS,Timor-Leste,TLS,0,..,4,7,11,17.5,23,25.24624959,27.49273173,..,..,..
Individuals using the Internet (% of population),IT.NET.USER.ZS,Togo,TGO,0,0.8,3.5,4,4.5,5.7,7.12,11.31,12.36022497,15.5,19.3,..
Individuals using the Internet (% of population),IT.NET.USER.ZS,Tonga,TON,0,2.434398044,25,30,32.75396061,35.95444145,38.65127243,39.95,41.24872764,..,..,..
Individuals using the Internet (% of population),IT.NET.USER.ZS,Trinidad and Tobago,TTO,0,7.721411474,55.2,59.5162,63.8,65.1,69.19847061,73.29694122,77.32605293,..,..,..
Individuals using the Internet (% of population),IT.NET.USER.ZS,Tunisia,TUN,0,2.750740293,39.1,41.4416,43.8,46.16,46.49999434,49.59999484,55.50015506,64.19081023,66.6999983,..
Individuals using the Internet (% of population),IT.NET.USER.ZS,Turkey,TUR,0,3.761685035,43.06571043,45.13,46.25,51.04,53.74497914,58.34773401,64.68461768,71.04276084,73.97670281,77.66956038
Individuals using the Internet (% of population),IT.NET.USER.ZS,Turkmenistan,TKM,0,0.133282183,5,7.1958,9.6,12.2,14.99677482,17.99032446,21.25099741,..,..,..
Individuals using the Internet (% of population),IT.NET.USER.ZS,Turks and Caicos Islands,TCA,0,..,..,..,..,..,..,..,..,..,..,..
Individuals using the Internet (% of population),IT.NET.USER.ZS,Tuvalu,TUV,0,5.241639585,30,35,37,39.2,42.7,46.00915151,49.31833862,..,..,..
Individuals using the Internet (% of population),IT.NET.USER.ZS,Uganda,UGA,0,0.163714063,..,..,..,..,..,..,..,..,..,..
Individuals using the Internet (% of population),IT.NET.USER.ZS,Ukraine,UKR,0,0.716183762,28.70826284,35.27,40.954129,46.23597546,48.88464368,53.0009696,58.88947945,62.55315539,70.1248443,..
Individuals using the Internet (% of population),IT.NET.USER.ZS,United Arab Emirates,ARE,0,23.62530088,78,84.9999915,88,90.4,90.5,90.60000732,94.81992254,98.45000178,99.14999998,100
Individuals using the Internet (% of population),IT.NET.USER.ZS,United Kingdom,GBR,0.087355319,26.82175435,85.37999855,87.47999842,89.8441,91.61,92.00029987,94.77580063,90.42455049,90.69200899,92.51662855,94.81820132
Individuals using the Internet (% of population),IT.NET.USER.ZS,United States,USA,0.784728502,43.07916264,69.72946076,74.7,71.4,73,74.55420245,85.54442129,87.27488917,88.49890317,89.43028486,..
Individuals using the Internet (% of population),IT.NET.USER.ZS,Uruguay,URY,0,10.53905775,51.40466106,54.45376868,57.69,61.46,64.5707871,66.4,70.3223544,80.72684288,83.35153377,..
Individuals using the Internet (% of population),IT.NET.USER.ZS,Uzbekistan,UZB,0,0.484347308,18.6,23.6,26.8,35.5,42.8,46.79128694,48.69999885,55.20000067,70.4000024,..
Individuals using the Internet (% of population),IT.NET.USER.ZS,Vanuatu,VUT,0,2.108336891,9.2,10.598,11.3,18.8,22.35140458,24,25.71978784,..,..,..
Individuals using the Internet (% of population),IT.NET.USER.ZS,"Venezuela, RB",VEN,0,3.359597465,40.22,49.05008307,54.9,57,..,..,..,..,..,..
Individuals using the Internet (% of population),IT.NET.USER.ZS,Vietnam,VNM,0,0.254248276,35.07,36.8,38.5,41,45,53,58.14,69.84792868,68.66158021,70.2900004
Individuals using the Internet (% of population),IT.NET.USER.ZS,Virgin Islands (U.S.),VIR,0,13.81508054,35.6,40.5479,45.3,50.07,54.8391373,59.6083158,64.3774943,..,..,..
Individuals using the Internet (% of population),IT.NET.USER.ZS,West Bank and Gaza,PSE,0,1.111306207,41.08,43.4,46.6,53.67,56.7,59.9,63.3,64.39999371,70.6225837,..
Individuals using the Internet (% of population),IT.NET.USER.ZS,"Yemen, Rep.",YEM,0,0.082500387,14.905,17.4465,20,22.55,24.08540947,24.57920836,26.71835477,..,..,..
Individuals using the Internet (% of population),IT.NET.USER.ZS,Zambia,ZMB,0,0.191071643,11.5,..,..,..,..,..,..,14.2999971,19,..
Individuals using the Internet (% of population),IT.NET.USER.ZS,Zimbabwe,ZWE,0,0.401433535,8.4,12,15.5,16.36473996,22.7428181,23.11998904,24.4,25,25.1,..
Individuals using the Internet (% of population),IT.NET.USER.ZS,Africa Eastern and Southern,AFE,0,0.743921679270876,7.90411431779041,8.9406339306812,10.5521584175048,13.0520098193969,15.9902769429344,17.1655870410284,20.3321189737088,23.6573660487722,26.4482838127365,..
Individuals using the Internet (% of population),IT.NET.USER.ZS,Africa Western and Central,AFW,0,0.138960653380905,8.66331049088811,10.3355545850363,12.9012066177817,15.470625417449,19.4218503630998,21.3694140782799,24.6762465620052,29.7416789784377,32.4181914215029,..
Individuals using the Internet (% of population),IT.NET.USER.ZS,Arab World,ARB,0,1.16588724320977,26.7538745888753,31.4031905154691,34.2468815613596,37.9396715155386,41.53871012335,42.914231036638,52.0416280063478,..,62.9672084149395,..
Individuals using the Internet (% of population),IT.NET.USER.ZS,Caribbean small states,CSS,0,4.91930591106778,42.1412538804617,42.4939916495827,45.2698401409788,48.3336918473278,50.8189450417347,53.4784264723706,59.6165701474847,..,..,..
Individuals using the Internet (% of population),IT.NET.USER.ZS,Central Europe and the Baltics,CEB,0,7.05382123604702,59.1103467325323,61.7163415104824,63.463990446104,66.483392613176,67.3511702922402,71.3419807922689,73.4095673098879,75.9821372719383,78.729487081111,83.1302334250959
Individuals using the Internet (% of population),IT.NET.USER.ZS,Early-demographic dividend,EAR,0.000242858309310714,1.22726119279789,15.3635534661277,17.3333244738837,19.6064717782132,20.84650190749,23.6925965479687,26.1048411747377,29.1176622269213,31.5627785811707,44.2891189574936,..
Individuals using the Internet (% of population),IT.NET.USER.ZS,East Asia & Pacific,EAS,0.00721087457948787,5.60924070528704,37.4023237117011,40.743754029271,44.1177799209288,46.7110317171977,50.385173064137,53.7689940652456,54.6794255674623,60.8314329240341,65.0173244029834,69.909503552574
Individuals using the Internet (% of population),IT.NET.USER.ZS,East Asia & Pacific (excluding high income),EAP,0,1.89386467568083,32.4043507882818,36.0824061806959,39.2259879244846,41.6698586916421,45.471759731372,49.0188192436337,50.5132965806594,57.3356541833859,62.0417790899069,68.8636848780616
Individuals using the Internet (% of population),IT.NET.USER.ZS,East Asia & Pacific (IDA & IBRD countries),TEA,0,1.91834617572214,32.806699904442,36.529159469127,39.7104637444294,41.6698586916421,45.471759731372,49.0188192436337,50.5133602280074,57.3356541833859,62.0417790899069,68.8636848780616
Individuals using the Internet (% of population),IT.NET.USER.ZS,Euro area,EMU,0.0725336593967473,22.466023090271,72.0135129793658,74.118926824524,75.8504085743528,77.0892366119681,77.4716869638744,77.9684265346935,79.6401081430677,82.9839601463678,84.8261198477329,..
Individuals using the Internet (% of population),IT.NET.USER.ZS,Europe & Central Asia,ECS,0.0480578365396327,13.1562561903324,58.8192987220726,63.6016707652146,66.3177605657812,68.981907123306,70.0167690475646,72.4118969986926,74.5288166597268,79.1767001396866,82.0452596605969,86.2898965228575
Individuals using the Internet (% of population),IT.NET.USER.ZS,Europe & Central Asia (excluding high income),ECA,0,1.97077591232207,40.5235730458696,48.7919989163632,52.7475260461421,56.8351830914813,58.7051368495626,62.4356268327276,66.2178135310452,73.062121988097,77.0549562814159,81.6822582637348
Individuals using the Internet (% of population),IT.NET.USER.ZS,Europe & Central Asia (IDA & IBRD countries),TEC,0,2.50101155141372,42.5434865872264,50.0797251837617,53.7427537256889,57.7782327856457,59.5946172530296,63.4427161420041,67.037188718603,73.476866420686,77.3697599174365,82.2056537322286
Individuals using the Internet (% of population),IT.NET.USER.ZS,European Union,EUU,0.0667223726931025,19.6471689008245,69.661777891422,71.8574513072492,73.610369251994,75.1855045094835,75.6544158261607,76.8971749615496,78.6838126546675,81.7383731410436,83.8442131392699,87.8660352532148
Individuals using the Internet (% of population),IT.NET.USER.ZS,Fragile and conflict affected situations,FCS,0,0.33231298422913,9.56190417242613,11.128480590667,13.3221259866574,15.3665824998458,16.5611211404503,19.0128854651629,22.7750502055126,..,26.6206247064447,..
Individuals using the Internet (% of population),IT.NET.USER.ZS,Heavily indebted poor countries (HIPC),HPC,0,0.174022851558205,4.92794957818621,5.03629083604707,6.32393419318606,8.37021296843562,11.6818203535715,13.9572304382094,17.7412175565569,20.9970267242043,24.0014542158897,..
Individuals using the Internet (% of population),IT.NET.USER.ZS,High income,HIC,0.260944267591969,30.545068412291,72.7993029413993,75.5015504692892,76.8593531810077,78.5163427069525,79.9142433004888,84.2632905429597,85.8539612306977,87.5195071000265,89.0956961947073,..
Individuals using the Internet (% of population),IT.NET.USER.ZS,IBRD only,IBD,0,1.86565430357247,28.370250385321,31.7405772373343,34.443509196731,36.4151772646345,39.1451133411723,42.1858381902867,45.0108173233636,48.3970233924649,57.8990344961637,..
Individuals using the Internet (% of population),IT.NET.USER.ZS,IDA & IBRD total,IBT,0,1.56129767088507,23.4570165360397,26.367232329358,28.7651294741741,30.6313225355803,33.4263289808022,36.1165644928706,38.9405381887293,42.5804866924346,50.6129147499047,..
Individuals using the Internet (% of population),IT.NET.USER.ZS,IDA blend,IDB,0,..,10.5930665848468,12.1647406551241,14.2543082134165,16.5319939719829,18.9299514533737,20.2937030825544,22.0973583629288,25.2570791505581,27.9811433664472,..
Individuals using the Internet (% of population),IT.NET.USER.ZS,IDA only,IDX,0,0.140886729887619,5.32896778279552,5.82075801105153,7.33656863323731,9.30836305167288,11.924557251036,14.1377036519685,17.7022260623398,19.3195394213207,22.2207784958832,..
Individuals using the Internet (% of population),IT.NET.USER.ZS,IDA total,IDA,0,0.160796736141488,7.14767876021499,8.09908906518603,9.80588973306408,11.8904667470103,14.5306992050628,16.4187503102715,19.3500255048258,21.8234401794574,24.6190517394681,..
Individuals using the Internet (% of population),IT.NET.USER.ZS,Late-demographic dividend,LTE,0,2.46941645120314,40.2776083107489,44.9453555519882,48.0662764669416,50.7584850948146,53.3706300429036,56.7216400523889,59.0603246964927,63.5764794122696,68.1086029426029,73.149265780072
Individuals using the Internet (% of population),IT.NET.USER.ZS,Latin America & Caribbean,LCN,0,3.88445540375328,39.3384906810595,43.162893355839,46.2373336353434,48.6070157052375,54.1813507640632,57.229171435495,62.7225878683445,65.6678620766936,68.2969025947288,..
Individuals using the Internet (% of population),IT.NET.USER.ZS,Latin America & Caribbean (excluding high income),LAC,0,3.38179927426232,38.6655409092662,42.1462814911939,45.0964467806643,47.5937502034363,53.2726649510539,56.1886001515667,61.9229697101711,65.528887901154,68.1394019485693,..
Individuals using the Internet (% of population),IT.NET.USER.ZS,Latin America & the Caribbean (IDA & IBRD countries),TLA,0,3.90354296649378,39.6999637732344,43.3896547165045,46.4145808621535,48.9358794727872,54.4231555789017,57.4045504239049,62.7643428383838,65.7056588505561,68.2488011374195,..
Individuals using the Internet (% of population),IT.NET.USER.ZS,Least developed countries: UN classification,LDC,0,0.0996904057287206,4.41719533971595,4.79304041308878,6.13625215336715,8.26503896600709,10.4636335763475,12.4825409946395,15.7461400551312,18.3578302869948,21.0569915156072,..
Individuals using the Internet (% of population),IT.NET.USER.ZS,Low & middle income,LMY,0,1.43532567086459,22.8804516499725,25.7678291374731,28.161625290323,30.1297888596783,33.0421766296956,35.7129822751951,38.5790951230054,42.3604661524803,50.4333329598607,..
Individuals using the Internet (% of population),IT.NET.USER.ZS,Low income,LIC,0,0.0779217852396302,4.73706142306498,4.60208312688528,5.45131577600604,7.2029698861812,9.5117292282929,11.3628722004763,14.144593958429,..,..,..
Individuals using the Internet (% of population),IT.NET.USER.ZS,Lower middle income,LMC,0,0.564798145883804,12.7027677123105,14.5060618474925,16.6274086522125,17.7347824051316,20.4395276620808,22.8078372257094,25.714242910376,29.0704979755137,41.1555967207546,..
Individuals using the Internet (% of population),IT.NET.USER.ZS,Middle East & North Africa,MEA,0.00193897795544268,1.70756804899305,28.0057763097589,31.8036136016366,35.5156245565918,40.4135477562336,44.5470299196378,49.8256000196317,56.8563524722971,64.3361082408948,71.7590649863398,..
Individuals using the Internet (% of population),IT.NET.USER.ZS,Middle East & North Africa (excluding high income),MNA,0,0.861165423666231,23.1344719050593,26.4073602881194,29.9352282897606,34.9603359598637,39.2227468909286,44.7749078123452,50.8747217496777,57.5553269097455,66.2310938382717,..
Individuals using the Internet (% of population),IT.NET.USER.ZS,Middle East & North Africa (IDA & IBRD countries),TMN,0,0.857976089775615,22.912134025388,26.1920376518815,29.7272377141589,34.7259128697298,39.0026852299376,44.5832993604414,50.7162152239865,57.4325047461997,66.1516882265722,..
Individuals using the Internet (% of population),IT.NET.USER.ZS,Middle income,MIC,0,1.54746753157264,24.5379800287742,27.5918021725381,30.1860309422008,32.1257768004873,35.1338888135441,37.9382491592899,40.5182683218698,44.2091751970109,52.7114935747376,..
Individuals using the Internet (% of population),IT.NET.USER.ZS,North America,NAC,0.742835611324641,43.8841640832073,71.0569584322978,75.5335297673991,72.8493027183661,74.4252310539038,76.1172938341097,86.1149971071056,87.8276294994968,89.1241000784054,90.151984156435,..
Individuals using the Internet (% of population),IT.NET.USER.ZS,Not classified,INX,..,..,..,..,..,..,..,..,..,..,..,..
Individuals using the Internet (% of population),IT.NET.USER.ZS,OECD members,OED,0.235985181313003,26.9625599912061,67.5430211450187,70.1866781240206,71.5363283813032,73.1422422398658,75.6975847894771,79.8399601392512,81.4642519220525,83.2456203125267,85.0806864918681,..
Individuals using the Internet (% of population),IT.NET.USER.ZS,Other small states,OSS,0,5.3959877902946,28.1244089677174,31.481506798749,36.4455158846368,40.3023153407543,48.0287972169599,50.454923213018,54.6199083883551,62.262723796393,64.8896677908527,..
Individuals using the Internet (% of population),IT.NET.USER.ZS,Pacific island small states,PSS,0,1.45823070514424,17.5998979346836,20.6144847107137,21.861886073389,24.5133142106206,27.6383027360735,30.2360645065719,32.727667615211,..,..,..
Individuals using the Internet (% of population),IT.NET.USER.ZS,Post-demographic dividend,PST,0.270412071983673,30.5592875523137,71.4527127899553,74.2481614613766,75.7460868233501,77.4032074997977,78.7026033718159,83.1870954208654,84.4082058504169,86.1566038907562,87.9140988201519,..
Individuals using the Internet (% of population),IT.NET.USER.ZS,Pre-demographic dividend,PRE,0,0.123238183840256,6.82923734072374,7.50454184755424,9.1510605912106,11.6123522815619,14.4375951098884,17.0405612226225,20.6215075561664,22.8556661361461,25.1718867228588,..
Individuals using the Internet (% of population),IT.NET.USER.ZS,Small states,SST,0,5.0081488639027,30.2291155584475,32.9582273907858,37.2532684170572,40.8721190701955,47.2549366518676,49.7506573816485,54.1649484523786,62.8983740438453,..,..
Individuals using the Internet (% of population),IT.NET.USER.ZS,South Asia,SAS,0,0.475928509361668,9.22882068403615,10.1120017948116,11.3169948575733,12.4433249699828,13.7638441940671,15.4083419251837,17.0583983541107,18.7849084414711,35.3306771062809,..
Individuals using the Internet (% of population),IT.NET.USER.ZS,South Asia (IDA & IBRD),TSA,0,0.475928509361668,9.22882068403615,10.1120017948116,11.3169948575733,12.4433249699828,13.7638441940671,15.4083419251837,17.0583983541107,18.7849084414711,35.3306771062809,..
Individuals using the Internet (% of population),IT.NET.USER.ZS,Sub-Saharan Africa,SSF,0,0.5009513798638,8.22600906903522,9.5686273387595,11.5969600149644,14.1279509667864,17.5111626636961,18.9589987808782,22.3080759233952,26.2716856853771,28.9713924941289,..
Individuals using the Internet (% of population),IT.NET.USER.ZS,Sub-Saharan Africa (excluding high income),SSA,0,0.500111927396347,8.22223079644764,9.56440348057083,11.5927226590127,14.1239696345136,17.5072821799788,18.9552704474794,22.3042491633179,26.2670812169652,28.9667271807756,..
Individuals using the Internet (% of population),IT.NET.USER.ZS,Sub-Saharan Africa (IDA & IBRD countries),TSS,0,0.5009513798638,8.22600906903522,9.5686273387595,11.5969600149644,14.1279509667864,17.5111626636961,18.9589987808782,22.3080759233952,26.2716856853771,28.9713924941289,..
Individuals using the Internet (% of population),IT.NET.USER.ZS,Upper middle income,UMC,0,2.56468337427005,38.8741745143545,43.5254989802691,46.7718121022925,49.3733763288051,52.5684731577299,56.0148405983903,58.7554968378212,63.2986404272796,67.834764862335,72.8880868197518
Individuals using the Internet (% of population),IT.NET.USER.ZS,World,WLD,0.0492353503886526,6.73388038172672,31.2536684561718,34.1556717948534,36.3246245356352,38.2963017906607,40.9082705319425,43.8046671075626,46.3167640279394,49.9070493257669,56.7273890506729,..
,,,,,,,,,,,,,,,
,,,,,,,,,,,,,,,
,,,,,,,,,,,,,,,
Data from database: World Development Indicators,,,,,,,,,,,,,,,
Last Updated: 02/15/2022,,,,,,,,,,,,,,,
